Project_ID, Software_Version, Pattern_Type, Pattern_ID, Num_Participating_Classes, Num_Conforming_Roles, Num_NonConforming_Roles, SSize2, Afferent_Coupling, Efferent_Coupling, Coupling_Between_Pattern_Classes, Pattern_Integrity, Pattern_Instability
selenium, 0, OBJECT_ADAPTER, 0, 2, 5, 3, 47, 3, 13, 1, 0.62, 0.81
selenium, 1, OBJECT_ADAPTER, 0, 2, 5, 3, 47, 3, 13, 1, 0.62, 0.81
selenium, 2, OBJECT_ADAPTER, 0, 2, 5, 3, 46, 1, 13, 1, 0.62, 0.93
selenium, 3, OBJECT_ADAPTER, 0, 2, 5, 3, 46, 1, 13, 1, 0.62, 0.93
selenium, 4, OBJECT_ADAPTER, 0, 2, 5, 3, 46, 1, 13, 1, 0.62, 0.93
selenium, 5, OBJECT_ADAPTER, 0, 2, 5, 3, 45, 1, 13, 1, 0.62, 0.93
selenium, 6, OBJECT_ADAPTER, 0, 2, 5, 3, 45, 1, 13, 1, 0.62, 0.93
selenium, 7, OBJECT_ADAPTER, 0, 2, 5, 3, 45, 1, 13, 1, 0.62, 0.93
selenium, 8, OBJECT_ADAPTER, 0, 2, 5, 3, 49, 1, 15, 1, 0.62, 0.94
selenium, 9, OBJECT_ADAPTER, 0, 2, 5, 3, 54, 1, 15, 1, 0.62, 0.94
selenium, 10, OBJECT_ADAPTER, 0, 2, 5, 3, 53, 1, 15, 1, 0.62, 0.94
selenium, 0, OBJECT_ADAPTER, 1, 2, 7, 3, 48, 3, 18, 1, 0.7, 0.86
selenium, 1, OBJECT_ADAPTER, 1, 2, 7, 3, 49, 3, 18, 1, 0.7, 0.86
selenium, 2, OBJECT_ADAPTER, 1, 2, 7, 3, 49, 1, 18, 1, 0.7, 0.95
selenium, 3, OBJECT_ADAPTER, 1, 2, 7, 3, 49, 1, 18, 1, 0.7, 0.95
selenium, 4, OBJECT_ADAPTER, 1, 2, 7, 3, 49, 1, 18, 1, 0.7, 0.95
selenium, 5, OBJECT_ADAPTER, 1, 2, 7, 3, 47, 1, 18, 1, 0.7, 0.95
selenium, 6, OBJECT_ADAPTER, 1, 2, 7, 3, 47, 1, 18, 1, 0.7, 0.95
selenium, 7, OBJECT_ADAPTER, 1, 2, 7, 3, 47, 1, 18, 1, 0.7, 0.95
selenium, 8, OBJECT_ADAPTER, 1, 2, 7, 3, 47, 1, 18, 1, 0.7, 0.95
selenium, 9, OBJECT_ADAPTER, 1, 2, 7, 3, 50, 1, 18, 1, 0.7, 0.95
selenium, 10, OBJECT_ADAPTER, 1, 2, 7, 3, 49, 1, 18, 1, 0.7, 0.95
selenium, 11, OBJECT_ADAPTER, 1, 2, 7, 3, 49, 2, 18, 1, 0.7, 0.9
selenium, 12, OBJECT_ADAPTER, 1, 2, 7, 3, 50, 3, 19, 1, 0.7, 0.86
selenium, 13, OBJECT_ADAPTER, 1, 2, 7, 3, 50, 3, 19, 1, 0.7, 0.86
selenium, 0, OBJECT_ADAPTER, 2, 2, 7, 3, 51, 3, 16, 1, 0.7, 0.84
selenium, 1, OBJECT_ADAPTER, 2, 2, 7, 3, 53, 3, 16, 1, 0.7, 0.84
selenium, 0, OBJECT_ADAPTER, 3, 2, 7, 3, 65, 6, 17, 2, 0.7, 0.74
selenium, 1, OBJECT_ADAPTER, 3, 2, 7, 3, 66, 6, 17, 2, 0.7, 0.74
selenium, 2, OBJECT_ADAPTER, 3, 2, 7, 3, 66, 4, 17, 2, 0.7, 0.81
selenium, 3, OBJECT_ADAPTER, 3, 2, 7, 3, 66, 4, 17, 2, 0.7, 0.81
selenium, 4, OBJECT_ADAPTER, 3, 2, 7, 3, 66, 4, 17, 2, 0.7, 0.81
selenium, 5, OBJECT_ADAPTER, 3, 2, 7, 3, 65, 4, 17, 2, 0.7, 0.81
selenium, 6, OBJECT_ADAPTER, 3, 2, 7, 3, 65, 4, 17, 2, 0.7, 0.81
selenium, 7, OBJECT_ADAPTER, 3, 2, 7, 3, 65, 4, 17, 2, 0.7, 0.81
selenium, 8, OBJECT_ADAPTER, 3, 2, 7, 3, 65, 5, 17, 2, 0.7, 0.77
selenium, 9, OBJECT_ADAPTER, 3, 2, 7, 3, 62, 5, 17, 2, 0.7, 0.77
selenium, 10, OBJECT_ADAPTER, 3, 2, 7, 3, 62, 5, 17, 2, 0.7, 0.77
selenium, 11, OBJECT_ADAPTER, 3, 2, 7, 3, 62, 5, 17, 2, 0.7, 0.77
selenium, 12, OBJECT_ADAPTER, 3, 2, 7, 3, 62, 5, 17, 2, 0.7, 0.77
selenium, 13, OBJECT_ADAPTER, 3, 2, 7, 3, 62, 5, 17, 2, 0.7, 0.77
selenium, 0, OBJECT_ADAPTER, 4, 2, 7, 3, 68, 6, 15, 2, 0.7, 0.71
selenium, 1, OBJECT_ADAPTER, 4, 2, 7, 3, 70, 6, 15, 2, 0.7, 0.71
selenium, 0, OBJECT_ADAPTER, 5, 2, 7, 3, 32, 0, 8, 2, 0.7, 1
selenium, 1, OBJECT_ADAPTER, 5, 2, 7, 3, 32, 0, 8, 2, 0.7, 1
selenium, 2, OBJECT_ADAPTER, 5, 2, 7, 3, 32, 0, 8, 2, 0.7, 1
selenium, 3, OBJECT_ADAPTER, 5, 2, 7, 3, 32, 0, 8, 2, 0.7, 1
selenium, 4, OBJECT_ADAPTER, 5, 2, 7, 3, 32, 0, 8, 2, 0.7, 1
selenium, 5, OBJECT_ADAPTER, 5, 2, 7, 3, 32, 0, 8, 2, 0.7, 1
selenium, 6, OBJECT_ADAPTER, 5, 2, 7, 3, 32, 0, 8, 2, 0.7, 1
selenium, 7, OBJECT_ADAPTER, 5, 2, 7, 3, 32, 0, 8, 2, 0.7, 1
selenium, 8, OBJECT_ADAPTER, 5, 2, 7, 3, 32, 0, 8, 2, 0.7, 1
selenium, 0, OBJECT_ADAPTER, 6, 2, 5, 3, 81, 13, 24, 1, 0.62, 0.65
selenium, 1, OBJECT_ADAPTER, 6, 2, 5, 3, 80, 13, 23, 1, 0.62, 0.64
selenium, 2, OBJECT_ADAPTER, 6, 2, 5, 3, 82, 14, 24, 1, 0.62, 0.63
selenium, 3, OBJECT_ADAPTER, 6, 2, 5, 3, 83, 14, 24, 1, 0.62, 0.63
selenium, 4, OBJECT_ADAPTER, 6, 2, 5, 3, 83, 14, 24, 1, 0.62, 0.63
selenium, 5, OBJECT_ADAPTER, 6, 2, 5, 3, 83, 14, 24, 1, 0.62, 0.63
selenium, 6, OBJECT_ADAPTER, 6, 2, 5, 3, 83, 14, 24, 1, 0.62, 0.63
selenium, 7, OBJECT_ADAPTER, 6, 2, 5, 3, 83, 13, 24, 1, 0.62, 0.65
selenium, 8, OBJECT_ADAPTER, 6, 2, 5, 3, 83, 14, 23, 1, 0.62, 0.62
selenium, 9, OBJECT_ADAPTER, 6, 2, 5, 3, 83, 13, 23, 1, 0.62, 0.64
selenium, 10, OBJECT_ADAPTER, 6, 2, 5, 3, 85, 13, 24, 1, 0.62, 0.65
selenium, 11, OBJECT_ADAPTER, 6, 2, 5, 3, 85, 14, 24, 1, 0.62, 0.63
selenium, 12, OBJECT_ADAPTER, 6, 2, 5, 3, 87, 14, 24, 2, 0.62, 0.63
selenium, 13, OBJECT_ADAPTER, 6, 2, 5, 3, 87, 13, 24, 2, 0.62, 0.65
selenium, 14, OBJECT_ADAPTER, 6, 2, 5, 3, 84, 13, 24, 2, 0.62, 0.65
selenium, 15, OBJECT_ADAPTER, 6, 2, 5, 3, 84, 21, 24, 2, 0.62, 0.53
selenium, 16, OBJECT_ADAPTER, 6, 2, 5, 3, 84, 21, 24, 2, 0.62, 0.53
selenium, 17, OBJECT_ADAPTER, 6, 2, 5, 3, 84, 22, 24, 2, 0.62, 0.52
selenium, 18, OBJECT_ADAPTER, 6, 2, 5, 3, 84, 22, 24, 2, 0.62, 0.52
selenium, 0, OBJECT_ADAPTER, 7, 2, 13, 3, 37, 3, 9, 2, 0.81, 0.75
selenium, 1, OBJECT_ADAPTER, 7, 2, 13, 3, 37, 3, 9, 2, 0.81, 0.75
selenium, 2, OBJECT_ADAPTER, 7, 2, 13, 3, 37, 3, 9, 2, 0.81, 0.75
selenium, 3, OBJECT_ADAPTER, 7, 2, 13, 3, 37, 3, 9, 2, 0.81, 0.75
selenium, 4, OBJECT_ADAPTER, 7, 2, 13, 3, 37, 3, 9, 2, 0.81, 0.75
selenium, 5, OBJECT_ADAPTER, 7, 2, 13, 3, 37, 3, 9, 2, 0.81, 0.75
selenium, 6, OBJECT_ADAPTER, 7, 2, 13, 3, 37, 3, 9, 2, 0.81, 0.75
selenium, 7, OBJECT_ADAPTER, 7, 2, 13, 3, 39, 3, 9, 2, 0.81, 0.75
selenium, 8, OBJECT_ADAPTER, 7, 2, 13, 3, 39, 3, 10, 2, 0.81, 0.77
selenium, 9, OBJECT_ADAPTER, 7, 2, 13, 3, 43, 3, 10, 2, 0.81, 0.77
selenium, 10, OBJECT_ADAPTER, 7, 2, 13, 3, 43, 3, 10, 2, 0.81, 0.77
selenium, 11, OBJECT_ADAPTER, 7, 2, 13, 3, 43, 3, 10, 2, 0.81, 0.77
selenium, 12, OBJECT_ADAPTER, 7, 2, 13, 3, 43, 3, 10, 2, 0.81, 0.77
selenium, 13, OBJECT_ADAPTER, 7, 2, 13, 3, 43, 3, 10, 2, 0.81, 0.77
selenium, 14, OBJECT_ADAPTER, 7, 2, 13, 3, 43, 3, 10, 2, 0.81, 0.77
selenium, 15, OBJECT_ADAPTER, 7, 2, 13, 3, 43, 3, 10, 2, 0.81, 0.77
selenium, 16, OBJECT_ADAPTER, 7, 2, 13, 3, 43, 3, 10, 2, 0.81, 0.77
selenium, 17, OBJECT_ADAPTER, 7, 2, 13, 3, 43, 3, 10, 2, 0.81, 0.77
selenium, 18, OBJECT_ADAPTER, 7, 2, 13, 3, 45, 3, 10, 2, 0.81, 0.77
selenium, 19, OBJECT_ADAPTER, 7, 2, 13, 3, 45, 3, 10, 2, 0.81, 0.77
selenium, 0, OBJECT_ADAPTER, 8, 2, 9, 3, 53, 3, 19, 2, 0.75, 0.86
selenium, 1, OBJECT_ADAPTER, 8, 2, 9, 3, 55, 4, 20, 2, 0.75, 0.83
selenium, 2, OBJECT_ADAPTER, 8, 2, 9, 3, 55, 3, 20, 2, 0.75, 0.87
selenium, 3, OBJECT_ADAPTER, 8, 2, 9, 3, 55, 3, 20, 2, 0.75, 0.87
selenium, 4, OBJECT_ADAPTER, 8, 2, 9, 3, 55, 3, 20, 2, 0.75, 0.87
selenium, 5, OBJECT_ADAPTER, 8, 2, 9, 3, 55, 3, 20, 2, 0.75, 0.87
selenium, 6, OBJECT_ADAPTER, 8, 2, 9, 3, 55, 3, 20, 2, 0.75, 0.87
selenium, 0, OBJECT_ADAPTER, 9, 2, 7, 3, 22, 2, 9, 1, 0.7, 0.82
selenium, 1, OBJECT_ADAPTER, 9, 2, 7, 3, 22, 2, 9, 1, 0.7, 0.82
selenium, 2, OBJECT_ADAPTER, 9, 2, 7, 3, 22, 2, 9, 1, 0.7, 0.82
selenium, 3, OBJECT_ADAPTER, 9, 2, 7, 3, 22, 2, 9, 1, 0.7, 0.82
selenium, 4, OBJECT_ADAPTER, 9, 2, 7, 3, 22, 2, 9, 1, 0.7, 0.82
selenium, 5, OBJECT_ADAPTER, 9, 2, 7, 3, 22, 2, 9, 1, 0.7, 0.82
selenium, 6, OBJECT_ADAPTER, 9, 2, 7, 3, 22, 2, 9, 1, 0.7, 0.82
selenium, 0, OBJECT_ADAPTER, 10, 2, 5, 3, 14, 1, 5, 2, 0.62, 0.83
selenium, 1, OBJECT_ADAPTER, 10, 2, 5, 3, 14, 1, 5, 2, 0.62, 0.83
selenium, 2, OBJECT_ADAPTER, 10, 2, 5, 3, 14, 1, 5, 2, 0.62, 0.83
selenium, 3, OBJECT_ADAPTER, 10, 2, 5, 3, 14, 1, 5, 2, 0.62, 0.83
selenium, 4, OBJECT_ADAPTER, 10, 2, 5, 3, 14, 1, 5, 2, 0.62, 0.83
selenium, 5, OBJECT_ADAPTER, 10, 2, 5, 3, 14, 1, 5, 2, 0.62, 0.83
selenium, 6, OBJECT_ADAPTER, 10, 2, 5, 3, 14, 1, 5, 2, 0.62, 0.83
selenium, 7, OBJECT_ADAPTER, 10, 2, 5, 3, 14, 1, 5, 2, 0.62, 0.83
selenium, 8, OBJECT_ADAPTER, 10, 2, 5, 3, 13, 1, 5, 2, 0.62, 0.83
selenium, 9, OBJECT_ADAPTER, 10, 2, 5, 3, 13, 1, 5, 2, 0.62, 0.83
selenium, 10, OBJECT_ADAPTER, 10, 2, 5, 3, 13, 1, 5, 2, 0.62, 0.83
selenium, 11, OBJECT_ADAPTER, 10, 2, 5, 3, 13, 1, 5, 2, 0.62, 0.83
selenium, 12, OBJECT_ADAPTER, 10, 2, 5, 3, 13, 1, 5, 2, 0.62, 0.83
selenium, 13, OBJECT_ADAPTER, 10, 2, 5, 3, 13, 1, 5, 2, 0.62, 0.83
selenium, 14, OBJECT_ADAPTER, 10, 2, 5, 3, 13, 1, 5, 2, 0.62, 0.83
selenium, 15, OBJECT_ADAPTER, 10, 2, 5, 3, 13, 1, 5, 2, 0.62, 0.83
selenium, 16, OBJECT_ADAPTER, 10, 2, 5, 3, 13, 1, 5, 2, 0.62, 0.83
selenium, 17, OBJECT_ADAPTER, 10, 2, 5, 3, 13, 1, 5, 2, 0.62, 0.83
selenium, 18, OBJECT_ADAPTER, 10, 2, 5, 3, 13, 1, 5, 2, 0.62, 0.83
selenium, 19, OBJECT_ADAPTER, 10, 2, 5, 3, 13, 1, 5, 2, 0.62, 0.83
selenium, 0, OBJECT_ADAPTER, 11, 2, 7, 3, 9, 8, 5, 1, 0.7, 0.38
selenium, 1, OBJECT_ADAPTER, 11, 2, 7, 3, 9, 8, 5, 1, 0.7, 0.38
selenium, 2, OBJECT_ADAPTER, 11, 2, 7, 3, 9, 8, 5, 1, 0.7, 0.38
selenium, 3, OBJECT_ADAPTER, 11, 2, 7, 3, 9, 8, 5, 1, 0.7, 0.38
selenium, 4, OBJECT_ADAPTER, 11, 2, 7, 3, 9, 8, 5, 1, 0.7, 0.38
selenium, 5, OBJECT_ADAPTER, 11, 2, 7, 3, 10, 8, 6, 1, 0.7, 0.43
selenium, 6, OBJECT_ADAPTER, 11, 2, 7, 3, 10, 8, 6, 1, 0.7, 0.43
selenium, 7, OBJECT_ADAPTER, 11, 2, 7, 3, 10, 8, 6, 1, 0.7, 0.43
selenium, 8, OBJECT_ADAPTER, 11, 2, 7, 3, 10, 8, 6, 1, 0.7, 0.43
selenium, 9, OBJECT_ADAPTER, 11, 2, 7, 3, 10, 8, 6, 1, 0.7, 0.43
selenium, 10, OBJECT_ADAPTER, 11, 2, 7, 3, 10, 8, 6, 1, 0.7, 0.43
selenium, 11, OBJECT_ADAPTER, 11, 2, 7, 3, 10, 8, 6, 1, 0.7, 0.43
selenium, 12, OBJECT_ADAPTER, 11, 2, 7, 3, 10, 8, 6, 1, 0.7, 0.43
selenium, 13, OBJECT_ADAPTER, 11, 2, 7, 3, 10, 8, 6, 1, 0.7, 0.43
selenium, 14, OBJECT_ADAPTER, 11, 2, 7, 3, 10, 8, 6, 1, 0.7, 0.43
selenium, 15, OBJECT_ADAPTER, 11, 2, 7, 3, 10, 8, 6, 1, 0.7, 0.43
selenium, 16, OBJECT_ADAPTER, 11, 2, 7, 3, 10, 8, 6, 1, 0.7, 0.43
selenium, 17, OBJECT_ADAPTER, 11, 2, 7, 3, 11, 8, 6, 1, 0.7, 0.43
selenium, 18, OBJECT_ADAPTER, 11, 2, 7, 3, 11, 8, 6, 1, 0.7, 0.43
selenium, 19, OBJECT_ADAPTER, 11, 2, 7, 3, 11, 8, 6, 1, 0.7, 0.43
selenium, 0, OBJECT_ADAPTER, 12, 2, 5, 3, 76, 5, 23, 1, 0.62, 0.82
selenium, 1, OBJECT_ADAPTER, 12, 2, 5, 3, 75, 5, 22, 1, 0.62, 0.81
selenium, 2, OBJECT_ADAPTER, 12, 2, 5, 3, 77, 5, 23, 1, 0.62, 0.82
selenium, 3, OBJECT_ADAPTER, 12, 2, 5, 3, 78, 5, 23, 1, 0.62, 0.82
selenium, 4, OBJECT_ADAPTER, 12, 2, 5, 3, 78, 5, 23, 1, 0.62, 0.82
selenium, 5, OBJECT_ADAPTER, 12, 2, 5, 3, 78, 5, 23, 1, 0.62, 0.82
selenium, 6, OBJECT_ADAPTER, 12, 2, 5, 3, 78, 5, 23, 1, 0.62, 0.82
selenium, 7, OBJECT_ADAPTER, 12, 2, 5, 3, 78, 5, 23, 1, 0.62, 0.82
selenium, 8, OBJECT_ADAPTER, 12, 2, 5, 3, 78, 5, 22, 1, 0.62, 0.81
selenium, 9, OBJECT_ADAPTER, 12, 2, 5, 3, 78, 5, 22, 1, 0.62, 0.81
selenium, 10, OBJECT_ADAPTER, 12, 2, 5, 3, 80, 5, 23, 1, 0.62, 0.82
selenium, 11, OBJECT_ADAPTER, 12, 2, 5, 3, 80, 5, 23, 1, 0.62, 0.82
selenium, 12, OBJECT_ADAPTER, 12, 2, 5, 3, 81, 5, 23, 1, 0.62, 0.82
selenium, 13, OBJECT_ADAPTER, 12, 2, 5, 3, 81, 5, 23, 1, 0.62, 0.82
selenium, 14, OBJECT_ADAPTER, 12, 2, 5, 3, 78, 5, 23, 1, 0.62, 0.82
selenium, 15, OBJECT_ADAPTER, 12, 2, 5, 3, 78, 5, 23, 1, 0.62, 0.82
selenium, 16, OBJECT_ADAPTER, 12, 2, 5, 3, 78, 5, 23, 1, 0.62, 0.82
selenium, 17, OBJECT_ADAPTER, 12, 2, 5, 3, 78, 5, 23, 1, 0.62, 0.82
selenium, 18, OBJECT_ADAPTER, 12, 2, 5, 3, 78, 5, 23, 1, 0.62, 0.82
selenium, 19, OBJECT_ADAPTER, 12, 2, 5, 3, 74, 5, 23, 1, 0.62, 0.82
selenium, 0, OBJECT_ADAPTER, 13, 2, 5, 3, 23, 2, 13, 1, 0.62, 0.87
selenium, 1, OBJECT_ADAPTER, 13, 2, 5, 3, 24, 2, 13, 1, 0.62, 0.87
selenium, 2, OBJECT_ADAPTER, 13, 2, 5, 3, 24, 1, 13, 1, 0.62, 0.93
selenium, 3, OBJECT_ADAPTER, 13, 2, 5, 3, 24, 1, 13, 1, 0.62, 0.93
selenium, 4, OBJECT_ADAPTER, 13, 2, 5, 3, 24, 1, 13, 1, 0.62, 0.93
selenium, 5, OBJECT_ADAPTER, 13, 2, 5, 3, 23, 1, 13, 1, 0.62, 0.93
selenium, 6, OBJECT_ADAPTER, 13, 2, 5, 3, 23, 1, 13, 1, 0.62, 0.93
selenium, 7, OBJECT_ADAPTER, 13, 2, 5, 3, 23, 1, 13, 1, 0.62, 0.93
selenium, 8, OBJECT_ADAPTER, 13, 2, 5, 3, 23, 1, 13, 1, 0.62, 0.93
selenium, 9, OBJECT_ADAPTER, 13, 2, 5, 3, 22, 1, 13, 1, 0.62, 0.93
selenium, 10, OBJECT_ADAPTER, 13, 2, 5, 3, 22, 1, 13, 1, 0.62, 0.93
selenium, 11, OBJECT_ADAPTER, 13, 2, 5, 3, 22, 1, 13, 1, 0.62, 0.93
selenium, 12, OBJECT_ADAPTER, 13, 2, 5, 3, 22, 0, 13, 1, 0.62, 1
selenium, 13, OBJECT_ADAPTER, 13, 2, 5, 3, 22, 0, 13, 1, 0.62, 1
selenium, 0, OBJECT_ADAPTER, 14, 2, 5, 3, 26, 2, 11, 1, 0.62, 0.85
selenium, 1, OBJECT_ADAPTER, 14, 2, 5, 3, 28, 2, 11, 1, 0.62, 0.85
selenium, 0, OBJECT_ADAPTER, 15, 2, 13, 3, 26, 2, 11, 1, 0.81, 0.85
selenium, 1, OBJECT_ADAPTER, 15, 2, 13, 3, 26, 2, 11, 1, 0.81, 0.85
selenium, 2, OBJECT_ADAPTER, 15, 2, 13, 3, 25, 2, 10, 1, 0.81, 0.83
selenium, 3, OBJECT_ADAPTER, 15, 2, 13, 3, 25, 2, 10, 1, 0.81, 0.83
selenium, 4, OBJECT_ADAPTER, 15, 2, 13, 3, 25, 2, 10, 1, 0.81, 0.83
selenium, 5, OBJECT_ADAPTER, 15, 2, 13, 3, 25, 2, 10, 1, 0.81, 0.83
selenium, 6, OBJECT_ADAPTER, 15, 2, 13, 3, 25, 2, 10, 1, 0.81, 0.83
selenium, 0, OBJECT_ADAPTER, 16, 2, 7, 3, 29, 23, 10, 1, 0.7, 0.3
selenium, 1, OBJECT_ADAPTER, 16, 2, 7, 3, 29, 23, 10, 1, 0.7, 0.3
selenium, 2, OBJECT_ADAPTER, 16, 2, 7, 3, 29, 23, 10, 1, 0.7, 0.3
selenium, 3, OBJECT_ADAPTER, 16, 2, 7, 3, 29, 23, 10, 1, 0.7, 0.3
selenium, 4, OBJECT_ADAPTER, 16, 2, 7, 3, 29, 23, 10, 1, 0.7, 0.3
selenium, 5, OBJECT_ADAPTER, 16, 2, 7, 3, 29, 23, 10, 1, 0.7, 0.3
selenium, 6, OBJECT_ADAPTER, 16, 2, 7, 3, 29, 23, 10, 1, 0.7, 0.3
selenium, 7, OBJECT_ADAPTER, 16, 2, 7, 3, 29, 21, 10, 1, 0.7, 0.32
selenium, 8, OBJECT_ADAPTER, 16, 2, 7, 3, 29, 21, 10, 1, 0.7, 0.32
selenium, 9, OBJECT_ADAPTER, 16, 2, 7, 3, 29, 20, 10, 1, 0.7, 0.33
selenium, 10, OBJECT_ADAPTER, 16, 2, 7, 3, 29, 20, 10, 1, 0.7, 0.33
selenium, 11, OBJECT_ADAPTER, 16, 2, 7, 3, 29, 20, 10, 1, 0.7, 0.33
selenium, 0, OBJECT_ADAPTER, 17, 2, 5, 3, 51, 7, 15, 1, 0.62, 0.68
selenium, 1, OBJECT_ADAPTER, 17, 2, 5, 3, 52, 7, 15, 1, 0.62, 0.68
selenium, 2, OBJECT_ADAPTER, 17, 2, 5, 3, 52, 8, 15, 1, 0.62, 0.65
selenium, 3, OBJECT_ADAPTER, 17, 2, 5, 3, 53, 8, 16, 1, 0.62, 0.67
selenium, 4, OBJECT_ADAPTER, 17, 2, 5, 3, 53, 8, 16, 1, 0.62, 0.67
selenium, 5, OBJECT_ADAPTER, 17, 2, 5, 3, 53, 8, 16, 1, 0.62, 0.67
selenium, 6, OBJECT_ADAPTER, 17, 2, 5, 3, 53, 8, 16, 1, 0.62, 0.67
selenium, 7, OBJECT_ADAPTER, 17, 2, 5, 3, 53, 8, 16, 1, 0.62, 0.67
selenium, 8, OBJECT_ADAPTER, 17, 2, 5, 3, 54, 8, 16, 1, 0.62, 0.67
selenium, 9, OBJECT_ADAPTER, 17, 2, 5, 3, 55, 7, 16, 1, 0.62, 0.7
selenium, 10, OBJECT_ADAPTER, 17, 2, 5, 3, 55, 7, 16, 1, 0.62, 0.7
selenium, 11, OBJECT_ADAPTER, 17, 2, 5, 3, 55, 7, 16, 1, 0.62, 0.7
selenium, 12, OBJECT_ADAPTER, 17, 2, 5, 3, 54, 7, 15, 1, 0.62, 0.68
selenium, 13, OBJECT_ADAPTER, 17, 2, 5, 3, 54, 7, 15, 1, 0.62, 0.68
selenium, 14, OBJECT_ADAPTER, 17, 2, 5, 3, 54, 7, 15, 1, 0.62, 0.68
selenium, 15, OBJECT_ADAPTER, 17, 2, 5, 3, 54, 7, 15, 1, 0.62, 0.68
selenium, 16, OBJECT_ADAPTER, 17, 2, 5, 3, 54, 7, 15, 1, 0.62, 0.68
selenium, 17, OBJECT_ADAPTER, 17, 2, 5, 3, 54, 7, 15, 1, 0.62, 0.68
selenium, 18, OBJECT_ADAPTER, 17, 2, 5, 3, 54, 7, 15, 1, 0.62, 0.68
selenium, 19, OBJECT_ADAPTER, 17, 2, 5, 3, 54, 7, 15, 1, 0.62, 0.68
selenium, 0, OBJECT_ADAPTER, 18, 2, 5, 3, 3, 12, 3, 1, 0.62, 0.2
selenium, 1, OBJECT_ADAPTER, 18, 2, 5, 3, 3, 12, 3, 1, 0.62, 0.2
selenium, 2, OBJECT_ADAPTER, 18, 2, 5, 3, 3, 12, 3, 1, 0.62, 0.2
selenium, 3, OBJECT_ADAPTER, 18, 2, 5, 3, 3, 12, 3, 1, 0.62, 0.2
selenium, 4, OBJECT_ADAPTER, 18, 2, 5, 3, 3, 12, 3, 1, 0.62, 0.2
selenium, 5, OBJECT_ADAPTER, 18, 2, 5, 3, 3, 12, 3, 1, 0.62, 0.2
selenium, 6, OBJECT_ADAPTER, 18, 2, 5, 3, 3, 12, 3, 1, 0.62, 0.2
selenium, 7, OBJECT_ADAPTER, 18, 2, 5, 3, 3, 12, 3, 1, 0.62, 0.2
selenium, 8, OBJECT_ADAPTER, 18, 2, 5, 3, 3, 12, 3, 1, 0.62, 0.2
selenium, 9, OBJECT_ADAPTER, 18, 2, 5, 3, 3, 11, 3, 1, 0.62, 0.21
selenium, 10, OBJECT_ADAPTER, 18, 2, 5, 3, 3, 11, 3, 1, 0.62, 0.21
selenium, 11, OBJECT_ADAPTER, 18, 2, 5, 3, 3, 11, 3, 1, 0.62, 0.21
selenium, 12, OBJECT_ADAPTER, 18, 2, 5, 3, 3, 11, 3, 1, 0.62, 0.21
selenium, 13, OBJECT_ADAPTER, 18, 2, 5, 3, 3, 11, 3, 1, 0.62, 0.21
selenium, 14, OBJECT_ADAPTER, 18, 2, 5, 3, 3, 11, 3, 1, 0.62, 0.21
selenium, 15, OBJECT_ADAPTER, 18, 2, 5, 3, 3, 11, 3, 1, 0.62, 0.21
selenium, 16, OBJECT_ADAPTER, 18, 2, 5, 3, 3, 11, 3, 1, 0.62, 0.21
selenium, 17, OBJECT_ADAPTER, 18, 2, 5, 3, 3, 11, 3, 1, 0.62, 0.21
selenium, 18, OBJECT_ADAPTER, 18, 2, 5, 3, 3, 11, 3, 1, 0.62, 0.21
selenium, 19, OBJECT_ADAPTER, 18, 2, 5, 3, 3, 11, 3, 1, 0.62, 0.21
selenium, 0, OBJECT_ADAPTER, 19, 2, 15, 3, 8, 12, 4, 1, 0.83, 0.25
selenium, 1, OBJECT_ADAPTER, 19, 2, 15, 3, 8, 12, 4, 1, 0.83, 0.25
selenium, 2, OBJECT_ADAPTER, 19, 2, 15, 3, 8, 12, 4, 1, 0.83, 0.25
selenium, 3, OBJECT_ADAPTER, 19, 2, 15, 3, 8, 12, 4, 1, 0.83, 0.25
selenium, 4, OBJECT_ADAPTER, 19, 2, 15, 3, 8, 12, 4, 1, 0.83, 0.25
selenium, 5, OBJECT_ADAPTER, 19, 2, 15, 3, 8, 12, 4, 1, 0.83, 0.25
selenium, 6, OBJECT_ADAPTER, 19, 2, 15, 3, 8, 12, 4, 1, 0.83, 0.25
selenium, 7, OBJECT_ADAPTER, 19, 2, 15, 3, 8, 12, 4, 1, 0.83, 0.25
selenium, 8, OBJECT_ADAPTER, 19, 2, 15, 3, 8, 12, 4, 1, 0.83, 0.25
selenium, 9, OBJECT_ADAPTER, 19, 2, 15, 3, 8, 11, 4, 1, 0.83, 0.27
selenium, 10, OBJECT_ADAPTER, 19, 2, 15, 3, 8, 11, 4, 1, 0.83, 0.27
selenium, 11, OBJECT_ADAPTER, 19, 2, 15, 3, 8, 11, 4, 1, 0.83, 0.27
selenium, 12, OBJECT_ADAPTER, 19, 2, 15, 3, 8, 11, 4, 1, 0.83, 0.27
selenium, 13, OBJECT_ADAPTER, 19, 2, 15, 3, 8, 11, 4, 1, 0.83, 0.27
selenium, 14, OBJECT_ADAPTER, 19, 2, 15, 3, 8, 11, 4, 1, 0.83, 0.27
selenium, 15, OBJECT_ADAPTER, 19, 2, 15, 3, 8, 11, 4, 1, 0.83, 0.27
selenium, 16, OBJECT_ADAPTER, 19, 2, 15, 3, 8, 11, 4, 1, 0.83, 0.27
selenium, 17, OBJECT_ADAPTER, 19, 2, 15, 3, 8, 11, 4, 1, 0.83, 0.27
selenium, 18, OBJECT_ADAPTER, 19, 2, 15, 3, 8, 11, 4, 1, 0.83, 0.27
selenium, 19, OBJECT_ADAPTER, 19, 2, 15, 3, 8, 11, 4, 1, 0.83, 0.27
selenium, 0, OBJECT_ADAPTER, 20, 2, 7, 3, 4, 14, 3, 1, 0.7, 0.18
selenium, 1, OBJECT_ADAPTER, 20, 2, 7, 3, 4, 14, 3, 1, 0.7, 0.18
selenium, 2, OBJECT_ADAPTER, 20, 2, 7, 3, 4, 14, 3, 1, 0.7, 0.18
selenium, 3, OBJECT_ADAPTER, 20, 2, 7, 3, 4, 14, 3, 1, 0.7, 0.18
selenium, 4, OBJECT_ADAPTER, 20, 2, 7, 3, 4, 14, 3, 1, 0.7, 0.18
selenium, 5, OBJECT_ADAPTER, 20, 2, 7, 3, 4, 14, 3, 1, 0.7, 0.18
selenium, 6, OBJECT_ADAPTER, 20, 2, 7, 3, 4, 14, 3, 1, 0.7, 0.18
selenium, 7, OBJECT_ADAPTER, 20, 2, 7, 3, 4, 14, 3, 1, 0.7, 0.18
selenium, 8, OBJECT_ADAPTER, 20, 2, 7, 3, 4, 14, 3, 1, 0.7, 0.18
selenium, 9, OBJECT_ADAPTER, 20, 2, 7, 3, 4, 13, 3, 1, 0.7, 0.19
selenium, 10, OBJECT_ADAPTER, 20, 2, 7, 3, 4, 13, 3, 1, 0.7, 0.19
selenium, 11, OBJECT_ADAPTER, 20, 2, 7, 3, 4, 13, 3, 1, 0.7, 0.19
selenium, 12, OBJECT_ADAPTER, 20, 2, 7, 3, 4, 13, 3, 1, 0.7, 0.19
selenium, 13, OBJECT_ADAPTER, 20, 2, 7, 3, 4, 13, 3, 1, 0.7, 0.19
selenium, 14, OBJECT_ADAPTER, 20, 2, 7, 3, 4, 13, 3, 1, 0.7, 0.19
selenium, 15, OBJECT_ADAPTER, 20, 2, 7, 3, 4, 13, 3, 1, 0.7, 0.19
selenium, 16, OBJECT_ADAPTER, 20, 2, 7, 3, 4, 13, 3, 1, 0.7, 0.19
selenium, 17, OBJECT_ADAPTER, 20, 2, 7, 3, 4, 13, 3, 1, 0.7, 0.19
selenium, 18, OBJECT_ADAPTER, 20, 2, 7, 3, 4, 13, 3, 1, 0.7, 0.19
selenium, 19, OBJECT_ADAPTER, 20, 2, 7, 3, 4, 13, 3, 1, 0.7, 0.19
selenium, 0, OBJECT_ADAPTER, 21, 2, 15, 3, 8, 12, 4, 1, 0.83, 0.25
selenium, 1, OBJECT_ADAPTER, 21, 2, 15, 3, 8, 12, 4, 1, 0.83, 0.25
selenium, 2, OBJECT_ADAPTER, 21, 2, 15, 3, 8, 12, 4, 1, 0.83, 0.25
selenium, 3, OBJECT_ADAPTER, 21, 2, 15, 3, 8, 12, 4, 1, 0.83, 0.25
selenium, 4, OBJECT_ADAPTER, 21, 2, 15, 3, 8, 12, 4, 1, 0.83, 0.25
selenium, 5, OBJECT_ADAPTER, 21, 2, 15, 3, 8, 12, 4, 1, 0.83, 0.25
selenium, 6, OBJECT_ADAPTER, 21, 2, 15, 3, 8, 12, 4, 1, 0.83, 0.25
selenium, 7, OBJECT_ADAPTER, 21, 2, 15, 3, 8, 12, 4, 1, 0.83, 0.25
selenium, 8, OBJECT_ADAPTER, 21, 2, 15, 3, 8, 12, 4, 1, 0.83, 0.25
selenium, 9, OBJECT_ADAPTER, 21, 2, 15, 3, 8, 11, 4, 1, 0.83, 0.27
selenium, 10, OBJECT_ADAPTER, 21, 2, 15, 3, 8, 11, 4, 1, 0.83, 0.27
selenium, 11, OBJECT_ADAPTER, 21, 2, 15, 3, 8, 11, 4, 1, 0.83, 0.27
selenium, 12, OBJECT_ADAPTER, 21, 2, 15, 3, 8, 11, 4, 1, 0.83, 0.27
selenium, 13, OBJECT_ADAPTER, 21, 2, 15, 3, 8, 11, 4, 1, 0.83, 0.27
selenium, 14, OBJECT_ADAPTER, 21, 2, 15, 3, 8, 11, 4, 1, 0.83, 0.27
selenium, 15, OBJECT_ADAPTER, 21, 2, 15, 3, 8, 11, 4, 1, 0.83, 0.27
selenium, 16, OBJECT_ADAPTER, 21, 2, 15, 3, 8, 11, 4, 1, 0.83, 0.27
selenium, 17, OBJECT_ADAPTER, 21, 2, 15, 3, 8, 11, 4, 1, 0.83, 0.27
selenium, 18, OBJECT_ADAPTER, 21, 2, 15, 3, 8, 11, 4, 1, 0.83, 0.27
selenium, 19, OBJECT_ADAPTER, 21, 2, 15, 3, 8, 11, 4, 1, 0.83, 0.27
selenium, 0, OBJECT_ADAPTER, 22, 2, 5, 3, 3, 12, 3, 1, 0.62, 0.2
selenium, 1, OBJECT_ADAPTER, 22, 2, 5, 3, 3, 12, 3, 1, 0.62, 0.2
selenium, 2, OBJECT_ADAPTER, 22, 2, 5, 3, 3, 12, 3, 1, 0.62, 0.2
selenium, 3, OBJECT_ADAPTER, 22, 2, 5, 3, 3, 12, 3, 1, 0.62, 0.2
selenium, 4, OBJECT_ADAPTER, 22, 2, 5, 3, 3, 12, 3, 1, 0.62, 0.2
selenium, 5, OBJECT_ADAPTER, 22, 2, 5, 3, 3, 12, 3, 1, 0.62, 0.2
selenium, 6, OBJECT_ADAPTER, 22, 2, 5, 3, 3, 12, 3, 1, 0.62, 0.2
selenium, 7, OBJECT_ADAPTER, 22, 2, 5, 3, 3, 12, 3, 1, 0.62, 0.2
selenium, 8, OBJECT_ADAPTER, 22, 2, 5, 3, 3, 12, 3, 1, 0.62, 0.2
selenium, 0, OBJECT_ADAPTER, 23, 2, 9, 3, 5, 13, 3, 1, 0.75, 0.19
selenium, 1, OBJECT_ADAPTER, 23, 2, 9, 3, 5, 13, 3, 1, 0.75, 0.19
selenium, 2, OBJECT_ADAPTER, 23, 2, 9, 3, 5, 13, 3, 1, 0.75, 0.19
selenium, 3, OBJECT_ADAPTER, 23, 2, 9, 3, 5, 13, 3, 1, 0.75, 0.19
selenium, 4, OBJECT_ADAPTER, 23, 2, 9, 3, 5, 13, 3, 1, 0.75, 0.19
selenium, 5, OBJECT_ADAPTER, 23, 2, 9, 3, 5, 13, 3, 1, 0.75, 0.19
selenium, 6, OBJECT_ADAPTER, 23, 2, 9, 3, 5, 13, 3, 1, 0.75, 0.19
selenium, 7, OBJECT_ADAPTER, 23, 2, 9, 3, 5, 13, 3, 1, 0.75, 0.19
selenium, 8, OBJECT_ADAPTER, 23, 2, 9, 3, 5, 13, 3, 1, 0.75, 0.19
selenium, 9, OBJECT_ADAPTER, 23, 2, 9, 3, 5, 12, 3, 1, 0.75, 0.2
selenium, 10, OBJECT_ADAPTER, 23, 2, 9, 3, 5, 12, 3, 1, 0.75, 0.2
selenium, 11, OBJECT_ADAPTER, 23, 2, 9, 3, 5, 12, 3, 1, 0.75, 0.2
selenium, 12, OBJECT_ADAPTER, 23, 2, 9, 3, 5, 12, 3, 1, 0.75, 0.2
selenium, 13, OBJECT_ADAPTER, 23, 2, 9, 3, 5, 12, 3, 1, 0.75, 0.2
selenium, 14, OBJECT_ADAPTER, 23, 2, 9, 3, 5, 12, 3, 1, 0.75, 0.2
selenium, 15, OBJECT_ADAPTER, 23, 2, 9, 3, 5, 12, 3, 1, 0.75, 0.2
selenium, 16, OBJECT_ADAPTER, 23, 2, 9, 3, 5, 12, 3, 1, 0.75, 0.2
selenium, 17, OBJECT_ADAPTER, 23, 2, 9, 3, 5, 12, 3, 1, 0.75, 0.2
selenium, 18, OBJECT_ADAPTER, 23, 2, 9, 3, 5, 12, 3, 1, 0.75, 0.2
selenium, 19, OBJECT_ADAPTER, 23, 2, 9, 3, 5, 12, 3, 1, 0.75, 0.2
selenium, 0, OBJECT_ADAPTER, 24, 2, 21, 3, 11, 14, 5, 1, 0.88, 0.26
selenium, 1, OBJECT_ADAPTER, 24, 2, 21, 3, 11, 14, 5, 1, 0.88, 0.26
selenium, 2, OBJECT_ADAPTER, 24, 2, 21, 3, 11, 14, 5, 1, 0.88, 0.26
selenium, 3, OBJECT_ADAPTER, 24, 2, 21, 3, 11, 14, 5, 1, 0.88, 0.26
selenium, 4, OBJECT_ADAPTER, 24, 2, 21, 3, 11, 14, 5, 1, 0.88, 0.26
selenium, 5, OBJECT_ADAPTER, 24, 2, 21, 3, 11, 14, 5, 1, 0.88, 0.26
selenium, 6, OBJECT_ADAPTER, 24, 2, 21, 3, 11, 14, 5, 1, 0.88, 0.26
selenium, 7, OBJECT_ADAPTER, 24, 2, 21, 3, 11, 14, 5, 1, 0.88, 0.26
selenium, 8, OBJECT_ADAPTER, 24, 2, 21, 3, 11, 14, 5, 1, 0.88, 0.26
selenium, 9, OBJECT_ADAPTER, 24, 2, 21, 3, 11, 13, 5, 1, 0.88, 0.28
selenium, 10, OBJECT_ADAPTER, 24, 2, 21, 3, 11, 13, 5, 1, 0.88, 0.28
selenium, 11, OBJECT_ADAPTER, 24, 2, 21, 3, 11, 13, 5, 1, 0.88, 0.28
selenium, 12, OBJECT_ADAPTER, 24, 2, 21, 3, 11, 12, 5, 1, 0.88, 0.29
selenium, 13, OBJECT_ADAPTER, 24, 2, 21, 3, 11, 12, 5, 1, 0.88, 0.29
selenium, 14, OBJECT_ADAPTER, 24, 2, 21, 3, 11, 12, 5, 1, 0.88, 0.29
selenium, 15, OBJECT_ADAPTER, 24, 2, 21, 3, 11, 12, 5, 1, 0.88, 0.29
selenium, 16, OBJECT_ADAPTER, 24, 2, 21, 3, 11, 12, 5, 1, 0.88, 0.29
selenium, 17, OBJECT_ADAPTER, 24, 2, 21, 3, 11, 12, 5, 1, 0.88, 0.29
selenium, 18, OBJECT_ADAPTER, 24, 2, 21, 3, 11, 12, 5, 1, 0.88, 0.29
selenium, 19, OBJECT_ADAPTER, 24, 2, 21, 3, 11, 12, 5, 1, 0.88, 0.29
selenium, 0, OBJECT_ADAPTER, 25, 2, 5, 3, 12, 12, 5, 1, 0.62, 0.29
selenium, 1, OBJECT_ADAPTER, 25, 2, 5, 3, 13, 12, 5, 1, 0.62, 0.29
selenium, 2, OBJECT_ADAPTER, 25, 2, 5, 3, 13, 12, 5, 1, 0.62, 0.29
selenium, 3, OBJECT_ADAPTER, 25, 2, 5, 3, 13, 12, 5, 1, 0.62, 0.29
selenium, 4, OBJECT_ADAPTER, 25, 2, 5, 3, 13, 12, 5, 1, 0.62, 0.29
selenium, 5, OBJECT_ADAPTER, 25, 2, 5, 3, 13, 12, 5, 1, 0.62, 0.29
selenium, 6, OBJECT_ADAPTER, 25, 2, 5, 3, 13, 12, 5, 1, 0.62, 0.29
selenium, 7, OBJECT_ADAPTER, 25, 2, 5, 3, 13, 12, 5, 1, 0.62, 0.29
selenium, 8, OBJECT_ADAPTER, 25, 2, 5, 3, 13, 12, 5, 1, 0.62, 0.29
selenium, 9, OBJECT_ADAPTER, 25, 2, 5, 3, 13, 11, 5, 1, 0.62, 0.31
selenium, 10, OBJECT_ADAPTER, 25, 2, 5, 3, 13, 11, 5, 1, 0.62, 0.31
selenium, 11, OBJECT_ADAPTER, 25, 2, 5, 3, 13, 11, 5, 1, 0.62, 0.31
selenium, 12, OBJECT_ADAPTER, 25, 2, 5, 3, 13, 11, 5, 1, 0.62, 0.31
selenium, 13, OBJECT_ADAPTER, 25, 2, 5, 3, 13, 11, 5, 1, 0.62, 0.31
selenium, 14, OBJECT_ADAPTER, 25, 2, 5, 3, 13, 11, 5, 1, 0.62, 0.31
selenium, 15, OBJECT_ADAPTER, 25, 2, 5, 3, 13, 11, 5, 1, 0.62, 0.31
selenium, 16, OBJECT_ADAPTER, 25, 2, 5, 3, 13, 11, 5, 1, 0.62, 0.31
selenium, 17, OBJECT_ADAPTER, 25, 2, 5, 3, 13, 11, 5, 1, 0.62, 0.31
selenium, 18, OBJECT_ADAPTER, 25, 2, 5, 3, 13, 11, 5, 1, 0.62, 0.31
selenium, 19, OBJECT_ADAPTER, 25, 2, 5, 3, 13, 11, 5, 1, 0.62, 0.31
selenium, 0, OBJECT_ADAPTER, 26, 2, 31, 3, 12, 12, 4, 1, 0.91, 0.25
selenium, 1, OBJECT_ADAPTER, 26, 2, 31, 3, 12, 12, 4, 1, 0.91, 0.25
selenium, 2, OBJECT_ADAPTER, 26, 2, 31, 3, 12, 12, 4, 1, 0.91, 0.25
selenium, 3, OBJECT_ADAPTER, 26, 2, 31, 3, 12, 12, 4, 1, 0.91, 0.25
selenium, 4, OBJECT_ADAPTER, 26, 2, 31, 3, 12, 12, 4, 1, 0.91, 0.25
selenium, 5, OBJECT_ADAPTER, 26, 2, 31, 3, 12, 12, 4, 1, 0.91, 0.25
selenium, 6, OBJECT_ADAPTER, 26, 2, 31, 3, 12, 12, 4, 1, 0.91, 0.25
selenium, 7, OBJECT_ADAPTER, 26, 2, 31, 3, 12, 12, 4, 1, 0.91, 0.25
selenium, 8, OBJECT_ADAPTER, 26, 2, 31, 3, 12, 12, 4, 1, 0.91, 0.25
selenium, 9, OBJECT_ADAPTER, 26, 2, 31, 3, 12, 11, 4, 1, 0.91, 0.27
selenium, 10, OBJECT_ADAPTER, 26, 2, 31, 3, 12, 11, 4, 1, 0.91, 0.27
selenium, 11, OBJECT_ADAPTER, 26, 2, 31, 3, 12, 11, 4, 1, 0.91, 0.27
selenium, 12, OBJECT_ADAPTER, 26, 2, 31, 3, 12, 11, 4, 1, 0.91, 0.27
selenium, 13, OBJECT_ADAPTER, 26, 2, 31, 3, 12, 11, 4, 1, 0.91, 0.27
selenium, 14, OBJECT_ADAPTER, 26, 2, 31, 3, 12, 11, 4, 1, 0.91, 0.27
selenium, 15, OBJECT_ADAPTER, 26, 2, 31, 3, 13, 11, 5, 1, 0.91, 0.31
selenium, 16, OBJECT_ADAPTER, 26, 2, 31, 3, 13, 11, 5, 1, 0.91, 0.31
selenium, 17, OBJECT_ADAPTER, 26, 2, 31, 3, 13, 11, 5, 1, 0.91, 0.31
selenium, 18, OBJECT_ADAPTER, 26, 2, 31, 3, 13, 11, 5, 1, 0.91, 0.31
selenium, 19, OBJECT_ADAPTER, 26, 2, 31, 3, 13, 11, 5, 1, 0.91, 0.31
selenium, 0, OBJECT_ADAPTER, 27, 2, 5, 3, 6, 1, 6, 1, 0.62, 0.86
selenium, 1, OBJECT_ADAPTER, 27, 2, 5, 3, 6, 1, 6, 1, 0.62, 0.86
selenium, 2, OBJECT_ADAPTER, 27, 2, 5, 3, 6, 1, 6, 1, 0.62, 0.86
selenium, 3, OBJECT_ADAPTER, 27, 2, 5, 3, 6, 1, 6, 1, 0.62, 0.86
selenium, 4, OBJECT_ADAPTER, 27, 2, 5, 3, 6, 1, 6, 1, 0.62, 0.86
selenium, 5, OBJECT_ADAPTER, 27, 2, 5, 3, 6, 1, 6, 1, 0.62, 0.86
selenium, 6, OBJECT_ADAPTER, 27, 2, 5, 3, 6, 1, 6, 1, 0.62, 0.86
selenium, 7, OBJECT_ADAPTER, 27, 2, 5, 3, 6, 1, 6, 1, 0.62, 0.86
selenium, 8, OBJECT_ADAPTER, 27, 2, 5, 3, 6, 1, 6, 1, 0.62, 0.86
selenium, 9, OBJECT_ADAPTER, 27, 2, 5, 3, 6, 1, 6, 1, 0.62, 0.86
selenium, 10, OBJECT_ADAPTER, 27, 2, 5, 3, 6, 1, 6, 1, 0.62, 0.86
selenium, 11, OBJECT_ADAPTER, 27, 2, 5, 3, 6, 1, 6, 1, 0.62, 0.86
selenium, 12, OBJECT_ADAPTER, 27, 2, 5, 3, 6, 1, 6, 1, 0.62, 0.86
selenium, 13, OBJECT_ADAPTER, 27, 2, 5, 3, 6, 1, 6, 1, 0.62, 0.86
selenium, 14, OBJECT_ADAPTER, 27, 2, 5, 3, 6, 1, 6, 1, 0.62, 0.86
selenium, 15, OBJECT_ADAPTER, 27, 2, 5, 3, 6, 1, 6, 1, 0.62, 0.86
selenium, 16, OBJECT_ADAPTER, 27, 2, 5, 3, 6, 1, 6, 1, 0.62, 0.86
selenium, 17, OBJECT_ADAPTER, 27, 2, 5, 3, 6, 1, 6, 1, 0.62, 0.86
selenium, 18, OBJECT_ADAPTER, 27, 2, 5, 3, 6, 1, 6, 1, 0.62, 0.86
selenium, 19, OBJECT_ADAPTER, 27, 2, 5, 3, 6, 1, 6, 1, 0.62, 0.86
selenium, 1, OBJECT_ADAPTER, 28, 2, 9, 3, 55, 3, 15, 2, 0.75, 0.83
selenium, 2, OBJECT_ADAPTER, 28, 2, 9, 3, 55, 2, 15, 2, 0.75, 0.88
selenium, 3, OBJECT_ADAPTER, 28, 2, 9, 3, 55, 2, 15, 2, 0.75, 0.88
selenium, 4, OBJECT_ADAPTER, 28, 2, 9, 3, 55, 2, 15, 2, 0.75, 0.88
selenium, 5, OBJECT_ADAPTER, 28, 2, 9, 3, 55, 2, 15, 2, 0.75, 0.88
selenium, 6, OBJECT_ADAPTER, 28, 2, 9, 3, 55, 2, 15, 2, 0.75, 0.88
selenium, 5, OBJECT_ADAPTER, 29, 2, 5, 3, 34, 0, 8, 1, 0.62, 1
selenium, 6, OBJECT_ADAPTER, 29, 2, 5, 3, 34, 0, 8, 1, 0.62, 1
selenium, 7, OBJECT_ADAPTER, 29, 2, 5, 3, 34, 0, 8, 1, 0.62, 1
selenium, 8, OBJECT_ADAPTER, 29, 2, 5, 3, 34, 0, 8, 1, 0.62, 1
selenium, 9, OBJECT_ADAPTER, 29, 2, 5, 3, 33, 0, 8, 1, 0.62, 1
selenium, 10, OBJECT_ADAPTER, 29, 2, 5, 3, 33, 0, 8, 1, 0.62, 1
selenium, 11, OBJECT_ADAPTER, 29, 2, 5, 3, 33, 0, 8, 1, 0.62, 1
selenium, 12, OBJECT_ADAPTER, 29, 2, 5, 3, 33, 0, 8, 1, 0.62, 1
selenium, 13, OBJECT_ADAPTER, 29, 2, 5, 3, 34, 0, 8, 1, 0.62, 1
selenium, 14, OBJECT_ADAPTER, 29, 2, 5, 3, 34, 0, 8, 1, 0.62, 1
selenium, 8, OBJECT_ADAPTER, 30, 2, 13, 3, 31, 32, 10, 2, 0.81, 0.24
selenium, 9, OBJECT_ADAPTER, 30, 2, 13, 3, 31, 32, 10, 2, 0.81, 0.24
selenium, 10, OBJECT_ADAPTER, 30, 2, 13, 3, 31, 33, 10, 2, 0.81, 0.23
selenium, 11, OBJECT_ADAPTER, 30, 2, 13, 3, 31, 33, 10, 2, 0.81, 0.23
selenium, 12, OBJECT_ADAPTER, 30, 2, 13, 3, 31, 33, 10, 2, 0.81, 0.23
selenium, 13, OBJECT_ADAPTER, 30, 2, 13, 3, 31, 29, 10, 2, 0.81, 0.26
selenium, 14, OBJECT_ADAPTER, 30, 2, 13, 3, 31, 29, 10, 2, 0.81, 0.26
selenium, 15, OBJECT_ADAPTER, 30, 2, 13, 3, 31, 29, 10, 2, 0.81, 0.26
selenium, 16, OBJECT_ADAPTER, 30, 2, 13, 3, 31, 29, 10, 2, 0.81, 0.26
selenium, 17, OBJECT_ADAPTER, 30, 2, 13, 3, 31, 29, 10, 2, 0.81, 0.26
selenium, 18, OBJECT_ADAPTER, 30, 2, 13, 3, 31, 29, 10, 2, 0.81, 0.26
selenium, 19, OBJECT_ADAPTER, 30, 2, 13, 3, 31, 29, 10, 2, 0.81, 0.26
selenium, 13, OBJECT_ADAPTER, 31, 2, 5, 3, 20, 1, 7, 1, 0.62, 0.88
selenium, 14, OBJECT_ADAPTER, 31, 2, 5, 3, 20, 1, 7, 1, 0.62, 0.88
selenium, 15, OBJECT_ADAPTER, 31, 2, 5, 3, 20, 1, 7, 1, 0.62, 0.88
selenium, 16, OBJECT_ADAPTER, 31, 2, 5, 3, 20, 1, 7, 1, 0.62, 0.88
selenium, 17, OBJECT_ADAPTER, 31, 2, 5, 3, 20, 1, 7, 1, 0.62, 0.88
selenium, 18, OBJECT_ADAPTER, 31, 2, 5, 3, 20, 1, 7, 1, 0.62, 0.88
selenium, 19, OBJECT_ADAPTER, 31, 2, 5, 3, 20, 1, 7, 1, 0.62, 0.88
selenium, 13, OBJECT_ADAPTER, 32, 2, 5, 3, 49, 3, 11, 1, 0.62, 0.79
selenium, 14, OBJECT_ADAPTER, 32, 2, 5, 3, 50, 3, 11, 1, 0.62, 0.79
selenium, 15, OBJECT_ADAPTER, 32, 2, 5, 3, 50, 3, 11, 1, 0.62, 0.79
selenium, 16, OBJECT_ADAPTER, 32, 2, 5, 3, 50, 3, 11, 1, 0.62, 0.79
selenium, 17, OBJECT_ADAPTER, 32, 2, 5, 3, 50, 3, 11, 1, 0.62, 0.79
selenium, 18, OBJECT_ADAPTER, 32, 2, 5, 3, 50, 3, 11, 1, 0.62, 0.79
selenium, 19, OBJECT_ADAPTER, 32, 2, 5, 3, 50, 3, 11, 1, 0.62, 0.79
selenium, 0, STATE, 33, 2, 19, 4, 34, 4, 8, 1, 0.83, 0.67
selenium, 1, STATE, 33, 2, 19, 4, 34, 4, 8, 1, 0.83, 0.67
selenium, 2, STATE, 33, 2, 19, 4, 34, 4, 8, 1, 0.83, 0.67
selenium, 3, STATE, 33, 2, 19, 4, 34, 4, 8, 1, 0.83, 0.67
selenium, 4, STATE, 33, 2, 19, 4, 34, 4, 8, 1, 0.83, 0.67
selenium, 5, STATE, 33, 2, 19, 4, 34, 4, 8, 1, 0.83, 0.67
selenium, 6, STATE, 33, 2, 19, 4, 34, 4, 8, 1, 0.83, 0.67
selenium, 7, STATE, 33, 2, 19, 4, 34, 4, 8, 1, 0.83, 0.67
selenium, 8, STATE, 33, 2, 19, 4, 34, 3, 8, 1, 0.83, 0.73
selenium, 9, STATE, 33, 2, 19, 4, 34, 2, 8, 1, 0.83, 0.8
selenium, 10, STATE, 33, 2, 19, 4, 34, 2, 8, 1, 0.83, 0.8
selenium, 11, STATE, 33, 2, 19, 4, 34, 2, 8, 1, 0.83, 0.8
selenium, 12, STATE, 33, 2, 19, 4, 34, 2, 8, 1, 0.83, 0.8
selenium, 13, STATE, 33, 2, 19, 4, 34, 2, 8, 1, 0.83, 0.8
selenium, 14, STATE, 33, 2, 19, 4, 34, 2, 8, 1, 0.83, 0.8
selenium, 0, STATE, 34, 2, 6, 4, 32, 0, 8, 2, 0.6, 1
selenium, 1, STATE, 34, 2, 6, 4, 32, 0, 8, 2, 0.6, 1
selenium, 2, STATE, 34, 2, 6, 4, 32, 0, 8, 2, 0.6, 1
selenium, 3, STATE, 34, 2, 6, 4, 32, 0, 8, 2, 0.6, 1
selenium, 4, STATE, 34, 2, 6, 4, 32, 0, 8, 2, 0.6, 1
selenium, 5, STATE, 34, 2, 6, 4, 32, 0, 8, 2, 0.6, 1
selenium, 6, STATE, 34, 2, 6, 4, 32, 0, 8, 2, 0.6, 1
selenium, 7, STATE, 34, 2, 6, 4, 32, 0, 8, 2, 0.6, 1
selenium, 8, STATE, 34, 2, 6, 4, 32, 0, 8, 2, 0.6, 1
selenium, 0, STATE, 35, 2, 9, 4, 30, 35, 9, 2, 0.69, 0.2
selenium, 1, STATE, 35, 2, 9, 4, 30, 35, 9, 2, 0.69, 0.2
selenium, 2, STATE, 35, 2, 9, 4, 30, 35, 9, 2, 0.69, 0.2
selenium, 3, STATE, 35, 2, 9, 4, 31, 35, 10, 2, 0.69, 0.22
selenium, 4, STATE, 35, 2, 9, 4, 31, 35, 10, 2, 0.69, 0.22
selenium, 5, STATE, 35, 2, 9, 4, 31, 35, 10, 2, 0.69, 0.22
selenium, 6, STATE, 35, 2, 9, 4, 31, 35, 10, 2, 0.69, 0.22
selenium, 7, STATE, 35, 2, 9, 4, 31, 31, 10, 2, 0.69, 0.24
selenium, 8, STATE, 35, 2, 9, 4, 31, 32, 10, 2, 0.69, 0.24
selenium, 9, STATE, 35, 2, 9, 4, 31, 32, 10, 2, 0.69, 0.24
selenium, 10, STATE, 35, 2, 9, 4, 31, 33, 10, 2, 0.69, 0.23
selenium, 11, STATE, 35, 2, 9, 4, 31, 33, 10, 2, 0.69, 0.23
selenium, 12, STATE, 35, 2, 9, 4, 31, 33, 10, 2, 0.69, 0.23
selenium, 13, STATE, 35, 2, 9, 4, 31, 29, 10, 2, 0.69, 0.26
selenium, 14, STATE, 35, 2, 9, 4, 31, 29, 10, 2, 0.69, 0.26
selenium, 15, STATE, 35, 2, 9, 4, 31, 29, 10, 2, 0.69, 0.26
selenium, 16, STATE, 35, 2, 9, 4, 31, 29, 10, 2, 0.69, 0.26
selenium, 17, STATE, 35, 2, 9, 4, 31, 29, 10, 2, 0.69, 0.26
selenium, 18, STATE, 35, 2, 9, 4, 31, 29, 10, 2, 0.69, 0.26
selenium, 19, STATE, 35, 2, 9, 4, 31, 29, 10, 2, 0.69, 0.26
selenium, 0, STATE, 36, 2, 6, 4, 81, 13, 24, 1, 0.6, 0.65
selenium, 1, STATE, 36, 2, 6, 4, 80, 13, 23, 1, 0.6, 0.64
selenium, 2, STATE, 36, 2, 6, 4, 82, 14, 24, 1, 0.6, 0.63
selenium, 3, STATE, 36, 2, 6, 4, 83, 14, 24, 1, 0.6, 0.63
selenium, 4, STATE, 36, 2, 6, 4, 83, 14, 24, 1, 0.6, 0.63
selenium, 5, STATE, 36, 2, 6, 4, 83, 14, 24, 1, 0.6, 0.63
selenium, 6, STATE, 36, 2, 6, 4, 83, 14, 24, 1, 0.6, 0.63
selenium, 7, STATE, 36, 2, 6, 4, 83, 13, 24, 1, 0.6, 0.65
selenium, 8, STATE, 36, 2, 6, 4, 83, 14, 23, 1, 0.6, 0.62
selenium, 9, STATE, 36, 2, 6, 4, 83, 13, 23, 1, 0.6, 0.64
selenium, 10, STATE, 36, 2, 6, 4, 85, 13, 24, 1, 0.6, 0.65
selenium, 11, STATE, 36, 2, 6, 4, 85, 14, 24, 1, 0.6, 0.63
selenium, 0, STATE, 37, 2, 5, 4, 75, 6, 22, 1, 0.56, 0.79
selenium, 1, STATE, 37, 2, 5, 4, 74, 6, 21, 1, 0.56, 0.78
selenium, 2, STATE, 37, 2, 5, 4, 76, 6, 22, 1, 0.56, 0.79
selenium, 3, STATE, 37, 2, 5, 4, 77, 6, 22, 1, 0.56, 0.79
selenium, 4, STATE, 37, 2, 5, 4, 77, 6, 22, 1, 0.56, 0.79
selenium, 5, STATE, 37, 2, 5, 4, 77, 6, 22, 1, 0.56, 0.79
selenium, 6, STATE, 37, 2, 5, 4, 77, 6, 22, 1, 0.56, 0.79
selenium, 7, STATE, 37, 2, 5, 4, 77, 6, 22, 1, 0.56, 0.79
selenium, 8, STATE, 37, 2, 5, 4, 77, 8, 21, 1, 0.56, 0.72
selenium, 9, STATE, 37, 2, 5, 4, 77, 8, 21, 1, 0.56, 0.72
selenium, 10, STATE, 37, 2, 5, 4, 79, 8, 22, 1, 0.56, 0.73
selenium, 11, STATE, 37, 2, 5, 4, 79, 8, 22, 1, 0.56, 0.73
selenium, 12, STATE, 37, 2, 5, 4, 80, 8, 22, 1, 0.56, 0.73
selenium, 13, STATE, 37, 2, 5, 4, 80, 8, 22, 1, 0.56, 0.73
selenium, 14, STATE, 37, 2, 5, 4, 77, 8, 22, 1, 0.56, 0.73
selenium, 15, STATE, 37, 2, 5, 4, 77, 7, 22, 1, 0.56, 0.76
selenium, 16, STATE, 37, 2, 5, 4, 77, 7, 22, 1, 0.56, 0.76
selenium, 17, STATE, 37, 2, 5, 4, 77, 7, 22, 1, 0.56, 0.76
selenium, 18, STATE, 37, 2, 5, 4, 77, 7, 22, 1, 0.56, 0.76
selenium, 19, STATE, 37, 2, 5, 4, 73, 7, 22, 1, 0.56, 0.76
selenium, 0, STATE, 38, 2, 9, 4, 37, 3, 9, 2, 0.69, 0.75
selenium, 1, STATE, 38, 2, 9, 4, 37, 3, 9, 2, 0.69, 0.75
selenium, 2, STATE, 38, 2, 9, 4, 37, 3, 9, 2, 0.69, 0.75
selenium, 3, STATE, 38, 2, 9, 4, 37, 3, 9, 2, 0.69, 0.75
selenium, 4, STATE, 38, 2, 9, 4, 37, 3, 9, 2, 0.69, 0.75
selenium, 5, STATE, 38, 2, 9, 4, 37, 3, 9, 2, 0.69, 0.75
selenium, 6, STATE, 38, 2, 9, 4, 37, 3, 9, 2, 0.69, 0.75
selenium, 7, STATE, 38, 2, 9, 4, 39, 3, 9, 2, 0.69, 0.75
selenium, 8, STATE, 38, 2, 9, 4, 39, 3, 10, 2, 0.69, 0.77
selenium, 9, STATE, 38, 2, 9, 4, 43, 3, 10, 2, 0.69, 0.77
selenium, 10, STATE, 38, 2, 9, 4, 43, 3, 10, 2, 0.69, 0.77
selenium, 11, STATE, 38, 2, 9, 4, 43, 3, 10, 2, 0.69, 0.77
selenium, 12, STATE, 38, 2, 9, 4, 43, 3, 10, 2, 0.69, 0.77
selenium, 13, STATE, 38, 2, 9, 4, 43, 3, 10, 2, 0.69, 0.77
selenium, 14, STATE, 38, 2, 9, 4, 43, 3, 10, 2, 0.69, 0.77
selenium, 15, STATE, 38, 2, 9, 4, 43, 3, 10, 2, 0.69, 0.77
selenium, 16, STATE, 38, 2, 9, 4, 43, 3, 10, 2, 0.69, 0.77
selenium, 17, STATE, 38, 2, 9, 4, 43, 3, 10, 2, 0.69, 0.77
selenium, 0, STATE, 39, 2, 5, 4, 10, 4, 3, 1, 0.56, 0.43
selenium, 1, STATE, 39, 2, 5, 4, 10, 4, 3, 1, 0.56, 0.43
selenium, 2, STATE, 39, 2, 5, 4, 10, 4, 3, 1, 0.56, 0.43
selenium, 3, STATE, 39, 2, 5, 4, 10, 4, 3, 1, 0.56, 0.43
selenium, 4, STATE, 39, 2, 5, 4, 10, 4, 3, 1, 0.56, 0.43
selenium, 5, STATE, 39, 2, 5, 4, 10, 4, 3, 1, 0.56, 0.43
selenium, 6, STATE, 39, 2, 5, 4, 10, 4, 3, 1, 0.56, 0.43
selenium, 7, STATE, 39, 2, 5, 4, 10, 4, 3, 1, 0.56, 0.43
selenium, 8, STATE, 39, 2, 5, 4, 10, 4, 3, 1, 0.56, 0.43
selenium, 9, STATE, 39, 2, 5, 4, 10, 4, 3, 1, 0.56, 0.43
selenium, 0, STATE, 40, 2, 10, 4, 15, 1, 4, 1, 0.71, 0.8
selenium, 1, STATE, 40, 2, 10, 4, 15, 1, 4, 1, 0.71, 0.8
selenium, 2, STATE, 40, 2, 10, 4, 15, 1, 4, 1, 0.71, 0.8
selenium, 3, STATE, 40, 2, 10, 4, 15, 1, 4, 1, 0.71, 0.8
selenium, 4, STATE, 40, 2, 10, 4, 15, 1, 4, 1, 0.71, 0.8
selenium, 5, STATE, 40, 2, 10, 4, 15, 1, 4, 1, 0.71, 0.8
selenium, 6, STATE, 40, 2, 10, 4, 15, 1, 4, 1, 0.71, 0.8
selenium, 7, STATE, 40, 2, 10, 4, 15, 1, 4, 1, 0.71, 0.8
selenium, 8, STATE, 40, 2, 10, 4, 15, 1, 4, 1, 0.71, 0.8
selenium, 9, STATE, 40, 2, 10, 4, 15, 1, 4, 1, 0.71, 0.8
selenium, 10, STATE, 40, 2, 10, 4, 15, 1, 4, 1, 0.71, 0.8
selenium, 11, STATE, 40, 2, 10, 4, 15, 1, 4, 1, 0.71, 0.8
selenium, 12, STATE, 40, 2, 10, 4, 15, 1, 4, 1, 0.71, 0.8
selenium, 13, STATE, 40, 2, 10, 4, 15, 1, 4, 1, 0.71, 0.8
selenium, 14, STATE, 40, 2, 10, 4, 15, 0, 4, 1, 0.71, 1
selenium, 15, STATE, 40, 2, 10, 4, 15, 0, 4, 1, 0.71, 1
selenium, 16, STATE, 40, 2, 10, 4, 15, 0, 4, 1, 0.71, 1
selenium, 17, STATE, 40, 2, 10, 4, 15, 0, 4, 1, 0.71, 1
selenium, 18, STATE, 40, 2, 10, 4, 15, 0, 4, 1, 0.71, 1
selenium, 19, STATE, 40, 2, 10, 4, 15, 0, 4, 1, 0.71, 1
selenium, 0, STATE, 41, 2, 5, 4, 4, 5, 2, 1, 0.56, 0.29
selenium, 1, STATE, 41, 2, 5, 4, 4, 5, 2, 1, 0.56, 0.29
selenium, 2, STATE, 41, 2, 5, 4, 4, 5, 2, 1, 0.56, 0.29
selenium, 3, STATE, 41, 2, 5, 4, 4, 5, 2, 1, 0.56, 0.29
selenium, 4, STATE, 41, 2, 5, 4, 4, 5, 2, 1, 0.56, 0.29
selenium, 5, STATE, 41, 2, 5, 4, 4, 5, 2, 1, 0.56, 0.29
selenium, 6, STATE, 41, 2, 5, 4, 4, 5, 2, 1, 0.56, 0.29
selenium, 7, STATE, 41, 2, 5, 4, 4, 5, 2, 1, 0.56, 0.29
selenium, 8, STATE, 41, 2, 5, 4, 4, 5, 2, 1, 0.56, 0.29
selenium, 9, STATE, 41, 2, 5, 4, 4, 5, 2, 1, 0.56, 0.29
selenium, 10, STATE, 41, 2, 5, 4, 4, 5, 2, 1, 0.56, 0.29
selenium, 11, STATE, 41, 2, 5, 4, 4, 5, 2, 1, 0.56, 0.29
selenium, 12, STATE, 41, 2, 5, 4, 4, 5, 2, 1, 0.56, 0.29
selenium, 13, STATE, 41, 2, 5, 4, 4, 5, 2, 1, 0.56, 0.29
selenium, 14, STATE, 41, 2, 5, 4, 4, 5, 2, 1, 0.56, 0.29
selenium, 15, STATE, 41, 2, 5, 4, 4, 5, 2, 1, 0.56, 0.29
selenium, 16, STATE, 41, 2, 5, 4, 4, 5, 2, 1, 0.56, 0.29
selenium, 17, STATE, 41, 2, 5, 4, 4, 5, 2, 1, 0.56, 0.29
selenium, 18, STATE, 41, 2, 5, 4, 4, 5, 2, 1, 0.56, 0.29
selenium, 19, STATE, 41, 2, 5, 4, 4, 5, 2, 1, 0.56, 0.29
selenium, 0, STATE, 42, 2, 5, 4, 4, 5, 2, 1, 0.56, 0.29
selenium, 1, STATE, 42, 2, 5, 4, 4, 5, 2, 1, 0.56, 0.29
selenium, 2, STATE, 42, 2, 5, 4, 4, 5, 2, 1, 0.56, 0.29
selenium, 3, STATE, 42, 2, 5, 4, 4, 5, 2, 1, 0.56, 0.29
selenium, 4, STATE, 42, 2, 5, 4, 4, 5, 2, 1, 0.56, 0.29
selenium, 5, STATE, 42, 2, 5, 4, 4, 5, 2, 1, 0.56, 0.29
selenium, 6, STATE, 42, 2, 5, 4, 4, 5, 2, 1, 0.56, 0.29
selenium, 7, STATE, 42, 2, 5, 4, 4, 5, 2, 1, 0.56, 0.29
selenium, 8, STATE, 42, 2, 5, 4, 4, 5, 2, 1, 0.56, 0.29
selenium, 9, STATE, 42, 2, 5, 4, 4, 5, 2, 1, 0.56, 0.29
selenium, 10, STATE, 42, 2, 5, 4, 4, 5, 2, 1, 0.56, 0.29
selenium, 11, STATE, 42, 2, 5, 4, 4, 5, 2, 1, 0.56, 0.29
selenium, 12, STATE, 42, 2, 5, 4, 4, 5, 2, 1, 0.56, 0.29
selenium, 13, STATE, 42, 2, 5, 4, 4, 5, 2, 1, 0.56, 0.29
selenium, 14, STATE, 42, 2, 5, 4, 4, 5, 2, 1, 0.56, 0.29
selenium, 15, STATE, 42, 2, 5, 4, 4, 5, 2, 1, 0.56, 0.29
selenium, 16, STATE, 42, 2, 5, 4, 4, 5, 2, 1, 0.56, 0.29
selenium, 17, STATE, 42, 2, 5, 4, 4, 5, 2, 1, 0.56, 0.29
selenium, 18, STATE, 42, 2, 5, 4, 4, 5, 2, 1, 0.56, 0.29
selenium, 19, STATE, 42, 2, 5, 4, 4, 5, 2, 1, 0.56, 0.29
selenium, 0, STATE, 43, 2, 6, 4, 9, 8, 5, 1, 0.6, 0.38
selenium, 1, STATE, 43, 2, 6, 4, 9, 8, 5, 1, 0.6, 0.38
selenium, 2, STATE, 43, 2, 6, 4, 9, 8, 5, 1, 0.6, 0.38
selenium, 3, STATE, 43, 2, 6, 4, 9, 8, 5, 1, 0.6, 0.38
selenium, 4, STATE, 43, 2, 6, 4, 9, 8, 5, 1, 0.6, 0.38
selenium, 5, STATE, 43, 2, 6, 4, 10, 8, 6, 1, 0.6, 0.43
selenium, 6, STATE, 43, 2, 6, 4, 10, 8, 6, 1, 0.6, 0.43
selenium, 7, STATE, 43, 2, 6, 4, 10, 8, 6, 1, 0.6, 0.43
selenium, 8, STATE, 43, 2, 6, 4, 10, 8, 6, 1, 0.6, 0.43
selenium, 9, STATE, 43, 2, 6, 4, 10, 8, 6, 1, 0.6, 0.43
selenium, 10, STATE, 43, 2, 6, 4, 10, 8, 6, 1, 0.6, 0.43
selenium, 11, STATE, 43, 2, 6, 4, 10, 8, 6, 1, 0.6, 0.43
selenium, 12, STATE, 43, 2, 6, 4, 10, 8, 6, 1, 0.6, 0.43
selenium, 13, STATE, 43, 2, 6, 4, 10, 8, 6, 1, 0.6, 0.43
selenium, 14, STATE, 43, 2, 6, 4, 10, 8, 6, 1, 0.6, 0.43
selenium, 15, STATE, 43, 2, 6, 4, 10, 8, 6, 1, 0.6, 0.43
selenium, 16, STATE, 43, 2, 6, 4, 10, 8, 6, 1, 0.6, 0.43
selenium, 17, STATE, 43, 2, 6, 4, 11, 8, 6, 1, 0.6, 0.43
selenium, 18, STATE, 43, 2, 6, 4, 11, 8, 6, 1, 0.6, 0.43
selenium, 19, STATE, 43, 2, 6, 4, 11, 8, 6, 1, 0.6, 0.43
selenium, 0, STATE, 44, 2, 5, 4, 19, 6, 12, 2, 0.56, 0.67
selenium, 1, STATE, 44, 2, 5, 4, 19, 6, 12, 2, 0.56, 0.67
selenium, 2, STATE, 44, 2, 5, 4, 19, 5, 12, 2, 0.56, 0.71
selenium, 3, STATE, 44, 2, 5, 4, 19, 5, 12, 2, 0.56, 0.71
selenium, 4, STATE, 44, 2, 5, 4, 19, 5, 12, 2, 0.56, 0.71
selenium, 5, STATE, 44, 2, 5, 4, 19, 5, 12, 2, 0.56, 0.71
selenium, 6, STATE, 44, 2, 5, 4, 19, 5, 12, 2, 0.56, 0.71
selenium, 7, STATE, 44, 2, 5, 4, 19, 5, 12, 2, 0.56, 0.71
selenium, 8, STATE, 44, 2, 5, 4, 20, 5, 12, 2, 0.56, 0.71
selenium, 9, STATE, 44, 2, 5, 4, 20, 5, 12, 2, 0.56, 0.71
selenium, 10, STATE, 44, 2, 5, 4, 20, 5, 12, 2, 0.56, 0.71
selenium, 11, STATE, 44, 2, 5, 4, 20, 5, 12, 2, 0.56, 0.71
selenium, 12, STATE, 44, 2, 5, 4, 20, 5, 12, 2, 0.56, 0.71
selenium, 13, STATE, 44, 2, 5, 4, 20, 5, 12, 2, 0.56, 0.71
selenium, 14, STATE, 44, 2, 5, 4, 20, 3, 12, 2, 0.56, 0.8
selenium, 15, STATE, 44, 2, 5, 4, 20, 3, 12, 2, 0.56, 0.8
selenium, 16, STATE, 44, 2, 5, 4, 20, 3, 12, 2, 0.56, 0.8
selenium, 17, STATE, 44, 2, 5, 4, 20, 3, 12, 2, 0.56, 0.8
selenium, 18, STATE, 44, 2, 5, 4, 20, 3, 12, 2, 0.56, 0.8
selenium, 19, STATE, 44, 2, 5, 4, 20, 3, 12, 2, 0.56, 0.8
selenium, 0, STATE, 45, 2, 5, 4, 12, 0, 4, 1, 0.56, 1
selenium, 1, STATE, 45, 2, 5, 4, 12, 0, 4, 1, 0.56, 1
selenium, 2, STATE, 45, 2, 5, 4, 12, 0, 4, 1, 0.56, 1
selenium, 3, STATE, 45, 2, 5, 4, 12, 0, 4, 1, 0.56, 1
selenium, 4, STATE, 45, 2, 5, 4, 12, 0, 4, 1, 0.56, 1
selenium, 5, STATE, 45, 2, 5, 4, 12, 0, 4, 1, 0.56, 1
selenium, 6, STATE, 45, 2, 5, 4, 12, 0, 4, 1, 0.56, 1
selenium, 7, STATE, 45, 2, 5, 4, 12, 0, 4, 1, 0.56, 1
selenium, 8, STATE, 45, 2, 5, 4, 13, 0, 4, 1, 0.56, 1
selenium, 9, STATE, 45, 2, 5, 4, 12, 0, 3, 1, 0.56, 1
selenium, 10, STATE, 45, 2, 5, 4, 12, 0, 3, 1, 0.56, 1
selenium, 11, STATE, 45, 2, 5, 4, 12, 0, 3, 1, 0.56, 1
selenium, 12, STATE, 45, 2, 5, 4, 12, 0, 3, 1, 0.56, 1
selenium, 13, STATE, 45, 2, 5, 4, 12, 0, 3, 1, 0.56, 1
selenium, 14, STATE, 45, 2, 5, 4, 12, 0, 3, 1, 0.56, 1
selenium, 15, STATE, 45, 2, 5, 4, 12, 0, 3, 1, 0.56, 1
selenium, 16, STATE, 45, 2, 5, 4, 12, 0, 3, 1, 0.56, 1
selenium, 17, STATE, 45, 2, 5, 4, 12, 0, 3, 1, 0.56, 1
selenium, 18, STATE, 45, 2, 5, 4, 12, 0, 3, 1, 0.56, 1
selenium, 19, STATE, 45, 2, 5, 4, 12, 0, 3, 1, 0.56, 1
selenium, 0, STATE, 46, 2, 5, 4, 23, 2, 13, 1, 0.56, 0.87
selenium, 1, STATE, 46, 2, 5, 4, 24, 2, 13, 1, 0.56, 0.87
selenium, 2, STATE, 46, 2, 5, 4, 24, 1, 13, 1, 0.56, 0.93
selenium, 3, STATE, 46, 2, 5, 4, 24, 1, 13, 1, 0.56, 0.93
selenium, 4, STATE, 46, 2, 5, 4, 24, 1, 13, 1, 0.56, 0.93
selenium, 5, STATE, 46, 2, 5, 4, 23, 1, 13, 1, 0.56, 0.93
selenium, 6, STATE, 46, 2, 5, 4, 23, 1, 13, 1, 0.56, 0.93
selenium, 7, STATE, 46, 2, 5, 4, 23, 1, 13, 1, 0.56, 0.93
selenium, 8, STATE, 46, 2, 5, 4, 23, 1, 13, 1, 0.56, 0.93
selenium, 9, STATE, 46, 2, 5, 4, 22, 1, 13, 1, 0.56, 0.93
selenium, 10, STATE, 46, 2, 5, 4, 22, 1, 13, 1, 0.56, 0.93
selenium, 11, STATE, 46, 2, 5, 4, 22, 1, 13, 1, 0.56, 0.93
selenium, 12, STATE, 46, 2, 5, 4, 22, 0, 13, 1, 0.56, 1
selenium, 13, STATE, 46, 2, 5, 4, 22, 0, 13, 1, 0.56, 1
selenium, 0, STATE, 47, 2, 5, 4, 26, 2, 11, 1, 0.56, 0.85
selenium, 1, STATE, 47, 2, 5, 4, 28, 2, 11, 1, 0.56, 0.85
selenium, 0, STATE, 48, 2, 5, 4, 21, 3, 8, 1, 0.56, 0.73
selenium, 1, STATE, 48, 2, 5, 4, 21, 3, 8, 1, 0.56, 0.73
selenium, 2, STATE, 48, 2, 5, 4, 22, 3, 8, 1, 0.56, 0.73
selenium, 3, STATE, 48, 2, 5, 4, 22, 3, 8, 1, 0.56, 0.73
selenium, 4, STATE, 48, 2, 5, 4, 22, 3, 8, 1, 0.56, 0.73
selenium, 5, STATE, 48, 2, 5, 4, 22, 3, 8, 1, 0.56, 0.73
selenium, 6, STATE, 48, 2, 5, 4, 22, 3, 8, 1, 0.56, 0.73
selenium, 7, STATE, 48, 2, 5, 4, 22, 3, 8, 1, 0.56, 0.73
selenium, 8, STATE, 48, 2, 5, 4, 22, 3, 8, 1, 0.56, 0.73
selenium, 9, STATE, 48, 2, 5, 4, 22, 3, 8, 1, 0.56, 0.73
selenium, 10, STATE, 48, 2, 5, 4, 21, 3, 8, 1, 0.56, 0.73
selenium, 11, STATE, 48, 2, 5, 4, 21, 3, 8, 1, 0.56, 0.73
selenium, 12, STATE, 48, 2, 5, 4, 21, 3, 8, 1, 0.56, 0.73
selenium, 13, STATE, 48, 2, 5, 4, 21, 2, 8, 1, 0.56, 0.8
selenium, 14, STATE, 48, 2, 5, 4, 21, 2, 8, 1, 0.56, 0.8
selenium, 15, STATE, 48, 2, 5, 4, 21, 2, 8, 1, 0.56, 0.8
selenium, 16, STATE, 48, 2, 5, 4, 21, 2, 8, 1, 0.56, 0.8
selenium, 17, STATE, 48, 2, 5, 4, 21, 2, 8, 1, 0.56, 0.8
selenium, 18, STATE, 48, 2, 5, 4, 26, 2, 8, 1, 0.56, 0.8
selenium, 19, STATE, 48, 2, 5, 4, 26, 2, 8, 1, 0.56, 0.8
selenium, 0, STATE, 49, 2, 6, 4, 29, 23, 10, 1, 0.6, 0.3
selenium, 1, STATE, 49, 2, 6, 4, 29, 23, 10, 1, 0.6, 0.3
selenium, 2, STATE, 49, 2, 6, 4, 29, 23, 10, 1, 0.6, 0.3
selenium, 3, STATE, 49, 2, 6, 4, 29, 23, 10, 1, 0.6, 0.3
selenium, 4, STATE, 49, 2, 6, 4, 29, 23, 10, 1, 0.6, 0.3
selenium, 5, STATE, 49, 2, 6, 4, 29, 23, 10, 1, 0.6, 0.3
selenium, 6, STATE, 49, 2, 6, 4, 29, 23, 10, 1, 0.6, 0.3
selenium, 7, STATE, 49, 2, 6, 4, 29, 21, 10, 1, 0.6, 0.32
selenium, 8, STATE, 49, 2, 6, 4, 29, 21, 10, 1, 0.6, 0.32
selenium, 9, STATE, 49, 2, 6, 4, 29, 20, 10, 1, 0.6, 0.33
selenium, 10, STATE, 49, 2, 6, 4, 29, 20, 10, 1, 0.6, 0.33
selenium, 11, STATE, 49, 2, 6, 4, 29, 20, 10, 1, 0.6, 0.33
selenium, 0, STATE, 50, 2, 5, 4, 14, 0, 10, 1, 0.56, 1
selenium, 1, STATE, 50, 2, 5, 4, 14, 0, 10, 1, 0.56, 1
selenium, 2, STATE, 50, 2, 5, 4, 14, 0, 10, 1, 0.56, 1
selenium, 3, STATE, 50, 2, 5, 4, 14, 0, 10, 1, 0.56, 1
selenium, 4, STATE, 50, 2, 5, 4, 14, 0, 10, 1, 0.56, 1
selenium, 5, STATE, 50, 2, 5, 4, 14, 0, 10, 1, 0.56, 1
selenium, 6, STATE, 50, 2, 5, 4, 14, 0, 10, 1, 0.56, 1
selenium, 7, STATE, 50, 2, 5, 4, 14, 0, 10, 1, 0.56, 1
selenium, 0, STATE, 51, 2, 5, 4, 51, 7, 15, 1, 0.56, 0.68
selenium, 1, STATE, 51, 2, 5, 4, 52, 7, 15, 1, 0.56, 0.68
selenium, 2, STATE, 51, 2, 5, 4, 52, 8, 15, 1, 0.56, 0.65
selenium, 3, STATE, 51, 2, 5, 4, 53, 8, 16, 1, 0.56, 0.67
selenium, 4, STATE, 51, 2, 5, 4, 53, 8, 16, 1, 0.56, 0.67
selenium, 5, STATE, 51, 2, 5, 4, 53, 8, 16, 1, 0.56, 0.67
selenium, 6, STATE, 51, 2, 5, 4, 53, 8, 16, 1, 0.56, 0.67
selenium, 7, STATE, 51, 2, 5, 4, 53, 8, 16, 1, 0.56, 0.67
selenium, 8, STATE, 51, 2, 5, 4, 54, 8, 16, 1, 0.56, 0.67
selenium, 9, STATE, 51, 2, 5, 4, 55, 7, 16, 1, 0.56, 0.7
selenium, 10, STATE, 51, 2, 5, 4, 55, 7, 16, 1, 0.56, 0.7
selenium, 11, STATE, 51, 2, 5, 4, 55, 7, 16, 1, 0.56, 0.7
selenium, 12, STATE, 51, 2, 5, 4, 54, 7, 15, 1, 0.56, 0.68
selenium, 13, STATE, 51, 2, 5, 4, 54, 7, 15, 1, 0.56, 0.68
selenium, 14, STATE, 51, 2, 5, 4, 54, 7, 15, 1, 0.56, 0.68
selenium, 15, STATE, 51, 2, 5, 4, 54, 7, 15, 1, 0.56, 0.68
selenium, 16, STATE, 51, 2, 5, 4, 54, 7, 15, 1, 0.56, 0.68
selenium, 17, STATE, 51, 2, 5, 4, 54, 7, 15, 1, 0.56, 0.68
selenium, 18, STATE, 51, 2, 5, 4, 54, 7, 15, 1, 0.56, 0.68
selenium, 19, STATE, 51, 2, 5, 4, 54, 7, 15, 1, 0.56, 0.68
selenium, 0, STATE, 52, 2, 5, 4, 3, 12, 3, 1, 0.56, 0.2
selenium, 1, STATE, 52, 2, 5, 4, 3, 12, 3, 1, 0.56, 0.2
selenium, 2, STATE, 52, 2, 5, 4, 3, 12, 3, 1, 0.56, 0.2
selenium, 3, STATE, 52, 2, 5, 4, 3, 12, 3, 1, 0.56, 0.2
selenium, 4, STATE, 52, 2, 5, 4, 3, 12, 3, 1, 0.56, 0.2
selenium, 5, STATE, 52, 2, 5, 4, 3, 12, 3, 1, 0.56, 0.2
selenium, 6, STATE, 52, 2, 5, 4, 3, 12, 3, 1, 0.56, 0.2
selenium, 7, STATE, 52, 2, 5, 4, 3, 12, 3, 1, 0.56, 0.2
selenium, 8, STATE, 52, 2, 5, 4, 3, 12, 3, 1, 0.56, 0.2
selenium, 9, STATE, 52, 2, 5, 4, 3, 11, 3, 1, 0.56, 0.21
selenium, 10, STATE, 52, 2, 5, 4, 3, 11, 3, 1, 0.56, 0.21
selenium, 11, STATE, 52, 2, 5, 4, 3, 11, 3, 1, 0.56, 0.21
selenium, 12, STATE, 52, 2, 5, 4, 3, 11, 3, 1, 0.56, 0.21
selenium, 13, STATE, 52, 2, 5, 4, 3, 11, 3, 1, 0.56, 0.21
selenium, 14, STATE, 52, 2, 5, 4, 3, 11, 3, 1, 0.56, 0.21
selenium, 15, STATE, 52, 2, 5, 4, 3, 11, 3, 1, 0.56, 0.21
selenium, 16, STATE, 52, 2, 5, 4, 3, 11, 3, 1, 0.56, 0.21
selenium, 17, STATE, 52, 2, 5, 4, 3, 11, 3, 1, 0.56, 0.21
selenium, 18, STATE, 52, 2, 5, 4, 3, 11, 3, 1, 0.56, 0.21
selenium, 19, STATE, 52, 2, 5, 4, 3, 11, 3, 1, 0.56, 0.21
selenium, 0, STATE, 53, 2, 10, 4, 8, 12, 4, 1, 0.71, 0.25
selenium, 1, STATE, 53, 2, 10, 4, 8, 12, 4, 1, 0.71, 0.25
selenium, 2, STATE, 53, 2, 10, 4, 8, 12, 4, 1, 0.71, 0.25
selenium, 3, STATE, 53, 2, 10, 4, 8, 12, 4, 1, 0.71, 0.25
selenium, 4, STATE, 53, 2, 10, 4, 8, 12, 4, 1, 0.71, 0.25
selenium, 5, STATE, 53, 2, 10, 4, 8, 12, 4, 1, 0.71, 0.25
selenium, 6, STATE, 53, 2, 10, 4, 8, 12, 4, 1, 0.71, 0.25
selenium, 7, STATE, 53, 2, 10, 4, 8, 12, 4, 1, 0.71, 0.25
selenium, 8, STATE, 53, 2, 10, 4, 8, 12, 4, 1, 0.71, 0.25
selenium, 9, STATE, 53, 2, 10, 4, 8, 11, 4, 1, 0.71, 0.27
selenium, 10, STATE, 53, 2, 10, 4, 8, 11, 4, 1, 0.71, 0.27
selenium, 11, STATE, 53, 2, 10, 4, 8, 11, 4, 1, 0.71, 0.27
selenium, 12, STATE, 53, 2, 10, 4, 8, 11, 4, 1, 0.71, 0.27
selenium, 13, STATE, 53, 2, 10, 4, 8, 11, 4, 1, 0.71, 0.27
selenium, 14, STATE, 53, 2, 10, 4, 8, 11, 4, 1, 0.71, 0.27
selenium, 15, STATE, 53, 2, 10, 4, 8, 11, 4, 1, 0.71, 0.27
selenium, 16, STATE, 53, 2, 10, 4, 8, 11, 4, 1, 0.71, 0.27
selenium, 17, STATE, 53, 2, 10, 4, 8, 11, 4, 1, 0.71, 0.27
selenium, 18, STATE, 53, 2, 10, 4, 8, 11, 4, 1, 0.71, 0.27
selenium, 19, STATE, 53, 2, 10, 4, 8, 11, 4, 1, 0.71, 0.27
selenium, 0, STATE, 54, 2, 6, 4, 4, 14, 3, 1, 0.6, 0.18
selenium, 1, STATE, 54, 2, 6, 4, 4, 14, 3, 1, 0.6, 0.18
selenium, 2, STATE, 54, 2, 6, 4, 4, 14, 3, 1, 0.6, 0.18
selenium, 3, STATE, 54, 2, 6, 4, 4, 14, 3, 1, 0.6, 0.18
selenium, 4, STATE, 54, 2, 6, 4, 4, 14, 3, 1, 0.6, 0.18
selenium, 5, STATE, 54, 2, 6, 4, 4, 14, 3, 1, 0.6, 0.18
selenium, 6, STATE, 54, 2, 6, 4, 4, 14, 3, 1, 0.6, 0.18
selenium, 7, STATE, 54, 2, 6, 4, 4, 14, 3, 1, 0.6, 0.18
selenium, 8, STATE, 54, 2, 6, 4, 4, 14, 3, 1, 0.6, 0.18
selenium, 9, STATE, 54, 2, 6, 4, 4, 13, 3, 1, 0.6, 0.19
selenium, 10, STATE, 54, 2, 6, 4, 4, 13, 3, 1, 0.6, 0.19
selenium, 11, STATE, 54, 2, 6, 4, 4, 13, 3, 1, 0.6, 0.19
selenium, 12, STATE, 54, 2, 6, 4, 4, 13, 3, 1, 0.6, 0.19
selenium, 13, STATE, 54, 2, 6, 4, 4, 13, 3, 1, 0.6, 0.19
selenium, 14, STATE, 54, 2, 6, 4, 4, 13, 3, 1, 0.6, 0.19
selenium, 15, STATE, 54, 2, 6, 4, 4, 13, 3, 1, 0.6, 0.19
selenium, 16, STATE, 54, 2, 6, 4, 4, 13, 3, 1, 0.6, 0.19
selenium, 17, STATE, 54, 2, 6, 4, 4, 13, 3, 1, 0.6, 0.19
selenium, 18, STATE, 54, 2, 6, 4, 4, 13, 3, 1, 0.6, 0.19
selenium, 19, STATE, 54, 2, 6, 4, 4, 13, 3, 1, 0.6, 0.19
selenium, 0, STATE, 55, 2, 10, 4, 8, 12, 4, 1, 0.71, 0.25
selenium, 1, STATE, 55, 2, 10, 4, 8, 12, 4, 1, 0.71, 0.25
selenium, 2, STATE, 55, 2, 10, 4, 8, 12, 4, 1, 0.71, 0.25
selenium, 3, STATE, 55, 2, 10, 4, 8, 12, 4, 1, 0.71, 0.25
selenium, 4, STATE, 55, 2, 10, 4, 8, 12, 4, 1, 0.71, 0.25
selenium, 5, STATE, 55, 2, 10, 4, 8, 12, 4, 1, 0.71, 0.25
selenium, 6, STATE, 55, 2, 10, 4, 8, 12, 4, 1, 0.71, 0.25
selenium, 7, STATE, 55, 2, 10, 4, 8, 12, 4, 1, 0.71, 0.25
selenium, 8, STATE, 55, 2, 10, 4, 8, 12, 4, 1, 0.71, 0.25
selenium, 9, STATE, 55, 2, 10, 4, 8, 11, 4, 1, 0.71, 0.27
selenium, 10, STATE, 55, 2, 10, 4, 8, 11, 4, 1, 0.71, 0.27
selenium, 11, STATE, 55, 2, 10, 4, 8, 11, 4, 1, 0.71, 0.27
selenium, 12, STATE, 55, 2, 10, 4, 8, 11, 4, 1, 0.71, 0.27
selenium, 13, STATE, 55, 2, 10, 4, 8, 11, 4, 1, 0.71, 0.27
selenium, 14, STATE, 55, 2, 10, 4, 8, 11, 4, 1, 0.71, 0.27
selenium, 15, STATE, 55, 2, 10, 4, 8, 11, 4, 1, 0.71, 0.27
selenium, 16, STATE, 55, 2, 10, 4, 8, 11, 4, 1, 0.71, 0.27
selenium, 17, STATE, 55, 2, 10, 4, 8, 11, 4, 1, 0.71, 0.27
selenium, 18, STATE, 55, 2, 10, 4, 8, 11, 4, 1, 0.71, 0.27
selenium, 19, STATE, 55, 2, 10, 4, 8, 11, 4, 1, 0.71, 0.27
selenium, 0, STATE, 56, 2, 5, 4, 3, 12, 3, 1, 0.56, 0.2
selenium, 1, STATE, 56, 2, 5, 4, 3, 12, 3, 1, 0.56, 0.2
selenium, 2, STATE, 56, 2, 5, 4, 3, 12, 3, 1, 0.56, 0.2
selenium, 3, STATE, 56, 2, 5, 4, 3, 12, 3, 1, 0.56, 0.2
selenium, 4, STATE, 56, 2, 5, 4, 3, 12, 3, 1, 0.56, 0.2
selenium, 5, STATE, 56, 2, 5, 4, 3, 12, 3, 1, 0.56, 0.2
selenium, 6, STATE, 56, 2, 5, 4, 3, 12, 3, 1, 0.56, 0.2
selenium, 7, STATE, 56, 2, 5, 4, 3, 12, 3, 1, 0.56, 0.2
selenium, 8, STATE, 56, 2, 5, 4, 3, 12, 3, 1, 0.56, 0.2
selenium, 0, STATE, 57, 2, 7, 4, 5, 13, 3, 1, 0.64, 0.19
selenium, 1, STATE, 57, 2, 7, 4, 5, 13, 3, 1, 0.64, 0.19
selenium, 2, STATE, 57, 2, 7, 4, 5, 13, 3, 1, 0.64, 0.19
selenium, 3, STATE, 57, 2, 7, 4, 5, 13, 3, 1, 0.64, 0.19
selenium, 4, STATE, 57, 2, 7, 4, 5, 13, 3, 1, 0.64, 0.19
selenium, 5, STATE, 57, 2, 7, 4, 5, 13, 3, 1, 0.64, 0.19
selenium, 6, STATE, 57, 2, 7, 4, 5, 13, 3, 1, 0.64, 0.19
selenium, 7, STATE, 57, 2, 7, 4, 5, 13, 3, 1, 0.64, 0.19
selenium, 8, STATE, 57, 2, 7, 4, 5, 13, 3, 1, 0.64, 0.19
selenium, 9, STATE, 57, 2, 7, 4, 5, 12, 3, 1, 0.64, 0.2
selenium, 10, STATE, 57, 2, 7, 4, 5, 12, 3, 1, 0.64, 0.2
selenium, 11, STATE, 57, 2, 7, 4, 5, 12, 3, 1, 0.64, 0.2
selenium, 12, STATE, 57, 2, 7, 4, 5, 12, 3, 1, 0.64, 0.2
selenium, 13, STATE, 57, 2, 7, 4, 5, 12, 3, 1, 0.64, 0.2
selenium, 14, STATE, 57, 2, 7, 4, 5, 12, 3, 1, 0.64, 0.2
selenium, 15, STATE, 57, 2, 7, 4, 5, 12, 3, 1, 0.64, 0.2
selenium, 16, STATE, 57, 2, 7, 4, 5, 12, 3, 1, 0.64, 0.2
selenium, 17, STATE, 57, 2, 7, 4, 5, 12, 3, 1, 0.64, 0.2
selenium, 18, STATE, 57, 2, 7, 4, 5, 12, 3, 1, 0.64, 0.2
selenium, 19, STATE, 57, 2, 7, 4, 5, 12, 3, 1, 0.64, 0.2
selenium, 0, STATE, 58, 2, 13, 4, 11, 14, 5, 1, 0.76, 0.26
selenium, 1, STATE, 58, 2, 13, 4, 11, 14, 5, 1, 0.76, 0.26
selenium, 2, STATE, 58, 2, 13, 4, 11, 14, 5, 1, 0.76, 0.26
selenium, 3, STATE, 58, 2, 13, 4, 11, 14, 5, 1, 0.76, 0.26
selenium, 4, STATE, 58, 2, 13, 4, 11, 14, 5, 1, 0.76, 0.26
selenium, 5, STATE, 58, 2, 13, 4, 11, 14, 5, 1, 0.76, 0.26
selenium, 6, STATE, 58, 2, 13, 4, 11, 14, 5, 1, 0.76, 0.26
selenium, 7, STATE, 58, 2, 13, 4, 11, 14, 5, 1, 0.76, 0.26
selenium, 8, STATE, 58, 2, 13, 4, 11, 14, 5, 1, 0.76, 0.26
selenium, 9, STATE, 58, 2, 13, 4, 11, 13, 5, 1, 0.76, 0.28
selenium, 10, STATE, 58, 2, 13, 4, 11, 13, 5, 1, 0.76, 0.28
selenium, 11, STATE, 58, 2, 13, 4, 11, 13, 5, 1, 0.76, 0.28
selenium, 12, STATE, 58, 2, 13, 4, 11, 12, 5, 1, 0.76, 0.29
selenium, 13, STATE, 58, 2, 13, 4, 11, 12, 5, 1, 0.76, 0.29
selenium, 14, STATE, 58, 2, 13, 4, 11, 12, 5, 1, 0.76, 0.29
selenium, 15, STATE, 58, 2, 13, 4, 11, 12, 5, 1, 0.76, 0.29
selenium, 16, STATE, 58, 2, 13, 4, 11, 12, 5, 1, 0.76, 0.29
selenium, 17, STATE, 58, 2, 13, 4, 11, 12, 5, 1, 0.76, 0.29
selenium, 18, STATE, 58, 2, 13, 4, 11, 12, 5, 1, 0.76, 0.29
selenium, 19, STATE, 58, 2, 13, 4, 11, 12, 5, 1, 0.76, 0.29
selenium, 0, STATE, 59, 2, 6, 4, 12, 12, 5, 1, 0.6, 0.29
selenium, 1, STATE, 59, 2, 6, 4, 13, 12, 5, 1, 0.6, 0.29
selenium, 2, STATE, 59, 2, 6, 4, 13, 12, 5, 1, 0.6, 0.29
selenium, 3, STATE, 59, 2, 6, 4, 13, 12, 5, 1, 0.6, 0.29
selenium, 4, STATE, 59, 2, 6, 4, 13, 12, 5, 1, 0.6, 0.29
selenium, 5, STATE, 59, 2, 6, 4, 13, 12, 5, 1, 0.6, 0.29
selenium, 6, STATE, 59, 2, 6, 4, 13, 12, 5, 1, 0.6, 0.29
selenium, 7, STATE, 59, 2, 6, 4, 13, 12, 5, 1, 0.6, 0.29
selenium, 8, STATE, 59, 2, 6, 4, 13, 12, 5, 1, 0.6, 0.29
selenium, 9, STATE, 59, 2, 6, 4, 13, 11, 5, 1, 0.6, 0.31
selenium, 10, STATE, 59, 2, 6, 4, 13, 11, 5, 1, 0.6, 0.31
selenium, 11, STATE, 59, 2, 6, 4, 13, 11, 5, 1, 0.6, 0.31
selenium, 12, STATE, 59, 2, 6, 4, 13, 11, 5, 1, 0.6, 0.31
selenium, 13, STATE, 59, 2, 6, 4, 13, 11, 5, 1, 0.6, 0.31
selenium, 14, STATE, 59, 2, 6, 4, 13, 11, 5, 1, 0.6, 0.31
selenium, 15, STATE, 59, 2, 6, 4, 13, 11, 5, 1, 0.6, 0.31
selenium, 16, STATE, 59, 2, 6, 4, 13, 11, 5, 1, 0.6, 0.31
selenium, 17, STATE, 59, 2, 6, 4, 13, 11, 5, 1, 0.6, 0.31
selenium, 18, STATE, 59, 2, 6, 4, 13, 11, 5, 1, 0.6, 0.31
selenium, 19, STATE, 59, 2, 6, 4, 13, 11, 5, 1, 0.6, 0.31
selenium, 0, STATE, 60, 2, 5, 4, 13, 1, 11, 1, 0.56, 0.92
selenium, 1, STATE, 60, 2, 5, 4, 13, 1, 11, 1, 0.56, 0.92
selenium, 2, STATE, 60, 2, 5, 4, 13, 1, 11, 1, 0.56, 0.92
selenium, 3, STATE, 60, 2, 5, 4, 13, 1, 11, 1, 0.56, 0.92
selenium, 4, STATE, 60, 2, 5, 4, 13, 1, 11, 1, 0.56, 0.92
selenium, 5, STATE, 60, 2, 5, 4, 14, 1, 11, 1, 0.56, 0.92
selenium, 6, STATE, 60, 2, 5, 4, 14, 1, 11, 1, 0.56, 0.92
selenium, 7, STATE, 60, 2, 5, 4, 14, 1, 11, 1, 0.56, 0.92
selenium, 8, STATE, 60, 2, 5, 4, 15, 2, 11, 1, 0.56, 0.85
selenium, 9, STATE, 60, 2, 5, 4, 15, 2, 11, 1, 0.56, 0.85
selenium, 10, STATE, 60, 2, 5, 4, 15, 2, 11, 1, 0.56, 0.85
selenium, 11, STATE, 60, 2, 5, 4, 15, 2, 11, 1, 0.56, 0.85
selenium, 12, STATE, 60, 2, 5, 4, 15, 2, 11, 1, 0.56, 0.85
selenium, 13, STATE, 60, 2, 5, 4, 15, 2, 11, 1, 0.56, 0.85
selenium, 14, STATE, 60, 2, 5, 4, 15, 1, 11, 1, 0.56, 0.92
selenium, 15, STATE, 60, 2, 5, 4, 15, 1, 11, 1, 0.56, 0.92
selenium, 16, STATE, 60, 2, 5, 4, 15, 1, 11, 1, 0.56, 0.92
selenium, 17, STATE, 60, 2, 5, 4, 16, 1, 11, 1, 0.56, 0.92
selenium, 18, STATE, 60, 2, 5, 4, 15, 1, 10, 1, 0.56, 0.91
selenium, 19, STATE, 60, 2, 5, 4, 15, 1, 10, 1, 0.56, 0.91
selenium, 0, STATE, 61, 2, 18, 4, 12, 12, 4, 1, 0.82, 0.25
selenium, 1, STATE, 61, 2, 18, 4, 12, 12, 4, 1, 0.82, 0.25
selenium, 2, STATE, 61, 2, 18, 4, 12, 12, 4, 1, 0.82, 0.25
selenium, 3, STATE, 61, 2, 18, 4, 12, 12, 4, 1, 0.82, 0.25
selenium, 4, STATE, 61, 2, 18, 4, 12, 12, 4, 1, 0.82, 0.25
selenium, 5, STATE, 61, 2, 18, 4, 12, 12, 4, 1, 0.82, 0.25
selenium, 6, STATE, 61, 2, 18, 4, 12, 12, 4, 1, 0.82, 0.25
selenium, 7, STATE, 61, 2, 18, 4, 12, 12, 4, 1, 0.82, 0.25
selenium, 8, STATE, 61, 2, 18, 4, 12, 12, 4, 1, 0.82, 0.25
selenium, 9, STATE, 61, 2, 18, 4, 12, 11, 4, 1, 0.82, 0.27
selenium, 10, STATE, 61, 2, 18, 4, 12, 11, 4, 1, 0.82, 0.27
selenium, 11, STATE, 61, 2, 18, 4, 12, 11, 4, 1, 0.82, 0.27
selenium, 12, STATE, 61, 2, 18, 4, 12, 11, 4, 1, 0.82, 0.27
selenium, 13, STATE, 61, 2, 18, 4, 12, 11, 4, 1, 0.82, 0.27
selenium, 14, STATE, 61, 2, 18, 4, 12, 11, 4, 1, 0.82, 0.27
selenium, 15, STATE, 61, 2, 18, 4, 13, 11, 5, 1, 0.82, 0.31
selenium, 16, STATE, 61, 2, 18, 4, 13, 11, 5, 1, 0.82, 0.31
selenium, 17, STATE, 61, 2, 18, 4, 13, 11, 5, 1, 0.82, 0.31
selenium, 18, STATE, 61, 2, 18, 4, 13, 11, 5, 1, 0.82, 0.31
selenium, 19, STATE, 61, 2, 18, 4, 13, 11, 5, 1, 0.82, 0.31
selenium, 0, STATE, 62, 2, 5, 4, 6, 1, 6, 1, 0.56, 0.86
selenium, 1, STATE, 62, 2, 5, 4, 6, 1, 6, 1, 0.56, 0.86
selenium, 2, STATE, 62, 2, 5, 4, 6, 1, 6, 1, 0.56, 0.86
selenium, 3, STATE, 62, 2, 5, 4, 6, 1, 6, 1, 0.56, 0.86
selenium, 4, STATE, 62, 2, 5, 4, 6, 1, 6, 1, 0.56, 0.86
selenium, 5, STATE, 62, 2, 5, 4, 6, 1, 6, 1, 0.56, 0.86
selenium, 6, STATE, 62, 2, 5, 4, 6, 1, 6, 1, 0.56, 0.86
selenium, 7, STATE, 62, 2, 5, 4, 6, 1, 6, 1, 0.56, 0.86
selenium, 8, STATE, 62, 2, 5, 4, 6, 1, 6, 1, 0.56, 0.86
selenium, 9, STATE, 62, 2, 5, 4, 6, 1, 6, 1, 0.56, 0.86
selenium, 10, STATE, 62, 2, 5, 4, 6, 1, 6, 1, 0.56, 0.86
selenium, 11, STATE, 62, 2, 5, 4, 6, 1, 6, 1, 0.56, 0.86
selenium, 12, STATE, 62, 2, 5, 4, 6, 1, 6, 1, 0.56, 0.86
selenium, 13, STATE, 62, 2, 5, 4, 6, 1, 6, 1, 0.56, 0.86
selenium, 14, STATE, 62, 2, 5, 4, 6, 1, 6, 1, 0.56, 0.86
selenium, 15, STATE, 62, 2, 5, 4, 6, 1, 6, 1, 0.56, 0.86
selenium, 16, STATE, 62, 2, 5, 4, 6, 1, 6, 1, 0.56, 0.86
selenium, 17, STATE, 62, 2, 5, 4, 6, 1, 6, 1, 0.56, 0.86
selenium, 18, STATE, 62, 2, 5, 4, 6, 1, 6, 1, 0.56, 0.86
selenium, 19, STATE, 62, 2, 5, 4, 6, 1, 6, 1, 0.56, 0.86
selenium, 0, STATE, 63, 2, 5, 4, 20, 1, 7, 2, 0.56, 0.88
selenium, 1, STATE, 63, 2, 5, 4, 20, 1, 7, 2, 0.56, 0.88
selenium, 2, STATE, 63, 2, 5, 4, 21, 1, 7, 2, 0.56, 0.88
selenium, 3, STATE, 63, 2, 5, 4, 21, 1, 7, 2, 0.56, 0.88
selenium, 4, STATE, 63, 2, 5, 4, 21, 1, 7, 2, 0.56, 0.88
selenium, 5, STATE, 63, 2, 5, 4, 21, 1, 7, 2, 0.56, 0.88
selenium, 6, STATE, 63, 2, 5, 4, 21, 1, 7, 2, 0.56, 0.88
selenium, 7, STATE, 63, 2, 5, 4, 21, 1, 7, 2, 0.56, 0.88
selenium, 8, STATE, 63, 2, 5, 4, 21, 1, 7, 2, 0.56, 0.88
selenium, 9, STATE, 63, 2, 5, 4, 21, 1, 7, 2, 0.56, 0.88
selenium, 10, STATE, 63, 2, 5, 4, 20, 1, 7, 2, 0.56, 0.88
selenium, 11, STATE, 63, 2, 5, 4, 20, 1, 7, 2, 0.56, 0.88
selenium, 12, STATE, 63, 2, 5, 4, 20, 1, 7, 2, 0.56, 0.88
selenium, 13, STATE, 63, 2, 5, 4, 20, 0, 7, 2, 0.56, 1
selenium, 14, STATE, 63, 2, 5, 4, 20, 0, 7, 2, 0.56, 1
selenium, 15, STATE, 63, 2, 5, 4, 20, 0, 7, 2, 0.56, 1
selenium, 16, STATE, 63, 2, 5, 4, 20, 0, 7, 2, 0.56, 1
selenium, 17, STATE, 63, 2, 5, 4, 20, 0, 7, 2, 0.56, 1
selenium, 18, STATE, 63, 2, 5, 4, 26, 0, 7, 2, 0.56, 1
selenium, 19, STATE, 63, 2, 5, 4, 26, 0, 7, 2, 0.56, 1
selenium, 8, STATE, 64, 2, 5, 5, 17, 1, 12, 0, 0.5, 0.92
selenium, 9, STATE, 64, 2, 5, 5, 17, 1, 12, 0, 0.5, 0.92
selenium, 10, STATE, 64, 2, 5, 5, 17, 1, 12, 0, 0.5, 0.92
selenium, 11, STATE, 64, 2, 5, 5, 17, 1, 12, 0, 0.5, 0.92
selenium, 12, STATE, 64, 2, 5, 5, 17, 1, 12, 0, 0.5, 0.92
selenium, 13, STATE, 64, 2, 5, 5, 17, 1, 12, 0, 0.5, 0.92
selenium, 14, STATE, 64, 2, 5, 5, 17, 0, 12, 0, 0.5, 1
selenium, 15, STATE, 64, 2, 5, 5, 17, 0, 12, 0, 0.5, 1
selenium, 16, STATE, 64, 2, 5, 5, 17, 0, 12, 0, 0.5, 1
selenium, 17, STATE, 64, 2, 5, 5, 17, 0, 12, 0, 0.5, 1
selenium, 18, STATE, 64, 2, 5, 5, 17, 0, 12, 0, 0.5, 1
selenium, 19, STATE, 64, 2, 5, 5, 17, 0, 12, 0, 0.5, 1
selenium, 8, STATE, 65, 2, 4, 5, 15, 1, 10, 0, 0.44, 0.91
selenium, 9, STATE, 65, 2, 4, 5, 15, 1, 10, 0, 0.44, 0.91
selenium, 10, STATE, 65, 2, 4, 5, 15, 1, 10, 0, 0.44, 0.91
selenium, 11, STATE, 65, 2, 4, 5, 15, 1, 10, 0, 0.44, 0.91
selenium, 12, STATE, 65, 2, 4, 5, 15, 1, 10, 0, 0.44, 0.91
selenium, 13, STATE, 65, 2, 4, 5, 15, 1, 10, 0, 0.44, 0.91
selenium, 14, STATE, 65, 2, 4, 5, 15, 0, 10, 0, 0.44, 1
selenium, 15, STATE, 65, 2, 4, 5, 15, 0, 10, 0, 0.44, 1
selenium, 16, STATE, 65, 2, 4, 5, 15, 0, 10, 0, 0.44, 1
selenium, 17, STATE, 65, 2, 4, 5, 15, 0, 10, 0, 0.44, 1
selenium, 18, STATE, 65, 2, 4, 5, 15, 0, 10, 0, 0.44, 1
selenium, 19, STATE, 65, 2, 4, 5, 15, 0, 10, 0, 0.44, 1
selenium, 10, STATE, 66, 2, 5, 4, 7, 5, 4, 2, 0.56, 0.44
selenium, 11, STATE, 66, 2, 5, 4, 7, 5, 4, 2, 0.56, 0.44
selenium, 12, STATE, 66, 2, 5, 4, 7, 5, 4, 2, 0.56, 0.44
selenium, 13, STATE, 66, 2, 5, 4, 7, 5, 4, 2, 0.56, 0.44
selenium, 14, STATE, 66, 2, 5, 4, 7, 5, 4, 2, 0.56, 0.44
selenium, 15, STATE, 66, 2, 5, 4, 7, 5, 4, 2, 0.56, 0.44
selenium, 16, STATE, 66, 2, 5, 4, 7, 5, 4, 2, 0.56, 0.44
selenium, 17, STATE, 66, 2, 5, 4, 7, 5, 4, 2, 0.56, 0.44
selenium, 18, STATE, 66, 2, 5, 4, 7, 5, 4, 2, 0.56, 0.44
selenium, 19, STATE, 66, 2, 5, 4, 7, 5, 4, 2, 0.56, 0.44
selenium, 0, TEMPLATE_METHOD, 67, 1, 1, 4, 20, 0, 3, 0, 0.2, 1
selenium, 1, TEMPLATE_METHOD, 67, 1, 1, 4, 20, 0, 3, 0, 0.2, 1
selenium, 2, TEMPLATE_METHOD, 67, 1, 1, 4, 20, 0, 3, 0, 0.2, 1
selenium, 3, TEMPLATE_METHOD, 67, 1, 1, 4, 20, 0, 3, 0, 0.2, 1
selenium, 4, TEMPLATE_METHOD, 67, 1, 1, 4, 20, 0, 3, 0, 0.2, 1
selenium, 5, TEMPLATE_METHOD, 67, 1, 1, 4, 20, 0, 3, 0, 0.2, 1
selenium, 6, TEMPLATE_METHOD, 67, 1, 1, 4, 20, 0, 3, 0, 0.2, 1
selenium, 7, TEMPLATE_METHOD, 67, 1, 1, 4, 20, 0, 3, 0, 0.2, 1
selenium, 0, TEMPLATE_METHOD, 68, 1, 2, 3, 13, 15, 6, 1, 0.4, 0.29
selenium, 1, TEMPLATE_METHOD, 68, 1, 2, 3, 13, 15, 6, 1, 0.4, 0.29
selenium, 2, TEMPLATE_METHOD, 68, 1, 2, 3, 13, 15, 6, 1, 0.4, 0.29
selenium, 3, TEMPLATE_METHOD, 68, 1, 2, 3, 13, 15, 6, 1, 0.4, 0.29
selenium, 4, TEMPLATE_METHOD, 68, 1, 2, 3, 13, 15, 6, 1, 0.4, 0.29
selenium, 5, TEMPLATE_METHOD, 68, 1, 2, 3, 13, 15, 6, 1, 0.4, 0.29
selenium, 6, TEMPLATE_METHOD, 68, 1, 2, 3, 13, 15, 6, 1, 0.4, 0.29
selenium, 7, TEMPLATE_METHOD, 68, 1, 2, 3, 13, 13, 6, 1, 0.4, 0.32
selenium, 8, TEMPLATE_METHOD, 68, 1, 2, 3, 13, 13, 6, 1, 0.4, 0.32
selenium, 9, TEMPLATE_METHOD, 68, 1, 2, 3, 13, 13, 6, 1, 0.4, 0.32
selenium, 10, TEMPLATE_METHOD, 68, 1, 2, 3, 13, 13, 6, 1, 0.4, 0.32
selenium, 11, TEMPLATE_METHOD, 68, 1, 2, 3, 13, 13, 6, 1, 0.4, 0.32
selenium, 12, TEMPLATE_METHOD, 68, 1, 2, 3, 13, 13, 6, 1, 0.4, 0.32
selenium, 13, TEMPLATE_METHOD, 68, 1, 2, 3, 13, 14, 6, 1, 0.4, 0.3
selenium, 14, TEMPLATE_METHOD, 68, 1, 2, 3, 13, 14, 6, 1, 0.4, 0.3
selenium, 15, TEMPLATE_METHOD, 68, 1, 2, 3, 13, 15, 6, 1, 0.4, 0.29
selenium, 16, TEMPLATE_METHOD, 68, 1, 2, 3, 13, 15, 6, 1, 0.4, 0.29
selenium, 17, TEMPLATE_METHOD, 68, 1, 2, 3, 13, 15, 6, 1, 0.4, 0.29
selenium, 18, TEMPLATE_METHOD, 68, 1, 2, 3, 13, 15, 6, 1, 0.4, 0.29
selenium, 19, TEMPLATE_METHOD, 68, 1, 2, 3, 13, 15, 6, 1, 0.4, 0.29
selenium, 0, TEMPLATE_METHOD, 69, 1, 1, 4, 8, 0, 0, 0, 0.2, 
selenium, 1, TEMPLATE_METHOD, 69, 1, 1, 4, 8, 0, 0, 0, 0.2, 
selenium, 2, TEMPLATE_METHOD, 69, 1, 1, 4, 8, 0, 0, 0, 0.2, 
selenium, 3, TEMPLATE_METHOD, 69, 1, 1, 4, 8, 0, 0, 0, 0.2, 
selenium, 4, TEMPLATE_METHOD, 69, 1, 1, 4, 8, 0, 0, 0, 0.2, 
selenium, 5, TEMPLATE_METHOD, 69, 1, 1, 4, 8, 0, 0, 0, 0.2, 
selenium, 6, TEMPLATE_METHOD, 69, 1, 1, 4, 8, 0, 0, 0, 0.2, 
selenium, 7, TEMPLATE_METHOD, 69, 1, 1, 4, 8, 0, 0, 0, 0.2, 
selenium, 8, TEMPLATE_METHOD, 69, 1, 1, 4, 8, 0, 0, 0, 0.2, 
selenium, 9, TEMPLATE_METHOD, 69, 1, 1, 4, 8, 0, 0, 0, 0.2, 
selenium, 10, TEMPLATE_METHOD, 69, 1, 1, 4, 8, 0, 0, 0, 0.2, 
selenium, 11, TEMPLATE_METHOD, 69, 1, 1, 4, 8, 0, 0, 0, 0.2, 
selenium, 0, TEMPLATE_METHOD, 70, 1, 1, 4, 5, 1, 2, 1, 0.2, 0.67
selenium, 1, TEMPLATE_METHOD, 70, 1, 1, 4, 5, 1, 2, 1, 0.2, 0.67
selenium, 2, TEMPLATE_METHOD, 70, 1, 1, 4, 5, 1, 2, 1, 0.2, 0.67
selenium, 3, TEMPLATE_METHOD, 70, 1, 1, 4, 5, 1, 2, 1, 0.2, 0.67
selenium, 4, TEMPLATE_METHOD, 70, 1, 1, 4, 5, 1, 2, 1, 0.2, 0.67
selenium, 5, TEMPLATE_METHOD, 70, 1, 1, 4, 5, 1, 2, 1, 0.2, 0.67
selenium, 6, TEMPLATE_METHOD, 70, 1, 1, 4, 5, 1, 2, 1, 0.2, 0.67
selenium, 7, TEMPLATE_METHOD, 70, 1, 1, 4, 5, 1, 2, 1, 0.2, 0.67
selenium, 8, TEMPLATE_METHOD, 70, 1, 1, 4, 5, 1, 2, 1, 0.2, 0.67
selenium, 9, TEMPLATE_METHOD, 70, 1, 1, 4, 5, 1, 2, 1, 0.2, 0.67
selenium, 10, TEMPLATE_METHOD, 70, 1, 1, 4, 5, 1, 2, 1, 0.2, 0.67
selenium, 11, TEMPLATE_METHOD, 70, 1, 1, 4, 5, 1, 2, 1, 0.2, 0.67
selenium, 0, TEMPLATE_METHOD, 71, 1, 2, 3, 8, 0, 6, 0, 0.4, 1
selenium, 1, TEMPLATE_METHOD, 71, 1, 2, 3, 8, 0, 6, 0, 0.4, 1
selenium, 2, TEMPLATE_METHOD, 71, 1, 2, 3, 8, 0, 6, 0, 0.4, 1
selenium, 3, TEMPLATE_METHOD, 71, 1, 2, 3, 8, 0, 6, 0, 0.4, 1
selenium, 4, TEMPLATE_METHOD, 71, 1, 2, 3, 8, 0, 6, 0, 0.4, 1
selenium, 5, TEMPLATE_METHOD, 71, 1, 2, 3, 8, 0, 6, 0, 0.4, 1
selenium, 6, TEMPLATE_METHOD, 71, 1, 2, 3, 8, 0, 6, 0, 0.4, 1
selenium, 7, TEMPLATE_METHOD, 71, 1, 2, 3, 8, 0, 6, 0, 0.4, 1
selenium, 8, TEMPLATE_METHOD, 71, 1, 2, 3, 8, 0, 6, 0, 0.4, 1
selenium, 9, TEMPLATE_METHOD, 71, 1, 2, 3, 8, 0, 6, 0, 0.4, 1
selenium, 10, TEMPLATE_METHOD, 71, 1, 2, 3, 8, 0, 6, 0, 0.4, 1
selenium, 11, TEMPLATE_METHOD, 71, 1, 2, 3, 8, 0, 6, 0, 0.4, 1
selenium, 12, TEMPLATE_METHOD, 71, 1, 2, 3, 8, 0, 6, 0, 0.4, 1
selenium, 13, TEMPLATE_METHOD, 71, 1, 2, 3, 8, 0, 6, 0, 0.4, 1
selenium, 14, TEMPLATE_METHOD, 71, 1, 2, 3, 8, 0, 6, 0, 0.4, 1
selenium, 15, TEMPLATE_METHOD, 71, 1, 2, 3, 8, 0, 6, 0, 0.4, 1
selenium, 16, TEMPLATE_METHOD, 71, 1, 2, 3, 8, 0, 6, 0, 0.4, 1
selenium, 17, TEMPLATE_METHOD, 71, 1, 2, 3, 8, 0, 6, 0, 0.4, 1
selenium, 18, TEMPLATE_METHOD, 71, 1, 2, 3, 8, 0, 6, 0, 0.4, 1
selenium, 19, TEMPLATE_METHOD, 71, 1, 2, 3, 8, 0, 6, 0, 0.4, 1
selenium, 0, TEMPLATE_METHOD, 72, 1, 2, 3, 3, 0, 0, 0, 0.4, 
selenium, 1, TEMPLATE_METHOD, 72, 1, 2, 3, 3, 0, 0, 0, 0.4, 
selenium, 2, TEMPLATE_METHOD, 72, 1, 2, 3, 3, 0, 0, 0, 0.4, 
selenium, 3, TEMPLATE_METHOD, 72, 1, 2, 3, 3, 0, 0, 0, 0.4, 
selenium, 4, TEMPLATE_METHOD, 72, 1, 2, 3, 3, 0, 0, 0, 0.4, 
selenium, 5, TEMPLATE_METHOD, 72, 1, 2, 3, 3, 0, 0, 0, 0.4, 
selenium, 6, TEMPLATE_METHOD, 72, 1, 2, 3, 3, 0, 0, 0, 0.4, 
selenium, 7, TEMPLATE_METHOD, 72, 1, 2, 3, 3, 0, 0, 0, 0.4, 
selenium, 8, TEMPLATE_METHOD, 72, 1, 2, 3, 3, 0, 0, 0, 0.4, 
selenium, 9, TEMPLATE_METHOD, 72, 1, 2, 3, 3, 0, 0, 0, 0.4, 
selenium, 10, TEMPLATE_METHOD, 72, 1, 2, 3, 3, 0, 0, 0, 0.4, 
selenium, 11, TEMPLATE_METHOD, 72, 1, 2, 3, 3, 0, 0, 0, 0.4, 
selenium, 12, TEMPLATE_METHOD, 72, 1, 2, 3, 3, 0, 0, 0, 0.4, 
selenium, 13, TEMPLATE_METHOD, 72, 1, 2, 3, 3, 0, 0, 0, 0.4, 
selenium, 14, TEMPLATE_METHOD, 72, 1, 2, 3, 3, 0, 0, 0, 0.4, 
selenium, 15, TEMPLATE_METHOD, 72, 1, 2, 3, 3, 0, 0, 0, 0.4, 
selenium, 16, TEMPLATE_METHOD, 72, 1, 2, 3, 3, 0, 0, 0, 0.4, 
selenium, 17, TEMPLATE_METHOD, 72, 1, 2, 3, 3, 0, 0, 0, 0.4, 
selenium, 18, TEMPLATE_METHOD, 72, 1, 2, 3, 3, 0, 0, 0, 0.4, 
selenium, 19, TEMPLATE_METHOD, 72, 1, 2, 3, 3, 0, 0, 0, 0.4, 
selenium, 8, TEMPLATE_METHOD, 73, 1, 2, 3, 17, 0, 6, 0, 0.4, 1
selenium, 9, TEMPLATE_METHOD, 73, 1, 2, 3, 17, 0, 6, 0, 0.4, 1
selenium, 10, TEMPLATE_METHOD, 73, 1, 2, 3, 17, 0, 6, 0, 0.4, 1
selenium, 11, TEMPLATE_METHOD, 73, 1, 2, 3, 17, 0, 6, 0, 0.4, 1
selenium, 12, TEMPLATE_METHOD, 73, 1, 2, 3, 17, 0, 6, 0, 0.4, 1
selenium, 13, TEMPLATE_METHOD, 73, 1, 2, 3, 18, 0, 7, 0, 0.4, 1
selenium, 14, TEMPLATE_METHOD, 73, 1, 2, 3, 17, 0, 6, 0, 0.4, 1
selenium, 15, TEMPLATE_METHOD, 73, 1, 2, 3, 16, 0, 5, 0, 0.4, 1
selenium, 16, TEMPLATE_METHOD, 73, 1, 2, 3, 16, 0, 5, 0, 0.4, 1
selenium, 17, TEMPLATE_METHOD, 73, 1, 2, 3, 16, 0, 5, 0, 0.4, 1
selenium, 18, TEMPLATE_METHOD, 73, 1, 2, 3, 16, 0, 5, 0, 0.4, 1
selenium, 19, TEMPLATE_METHOD, 73, 1, 2, 3, 16, 0, 5, 0, 0.4, 1
selenium, 13, TEMPLATE_METHOD, 74, 1, 1, 4, 7, 0, 5, 0, 0.2, 1
selenium, 14, TEMPLATE_METHOD, 74, 1, 1, 4, 7, 0, 5, 0, 0.2, 1
selenium, 15, TEMPLATE_METHOD, 74, 1, 1, 4, 6, 0, 4, 0, 0.2, 1
selenium, 16, TEMPLATE_METHOD, 74, 1, 1, 4, 6, 0, 4, 0, 0.2, 1
selenium, 17, TEMPLATE_METHOD, 74, 1, 1, 4, 6, 0, 4, 0, 0.2, 1
selenium, 18, TEMPLATE_METHOD, 74, 1, 1, 4, 6, 0, 4, 0, 0.2, 1
selenium, 19, TEMPLATE_METHOD, 74, 1, 1, 4, 6, 0, 4, 0, 0.2, 1
selenium, 14, TEMPLATE_METHOD, 75, 1, 2, 3, 34, 4, 3, 1, 0.4, 0.43
selenium, 15, TEMPLATE_METHOD, 75, 1, 2, 3, 34, 5, 3, 1, 0.4, 0.38
selenium, 16, TEMPLATE_METHOD, 75, 1, 2, 3, 34, 5, 3, 1, 0.4, 0.38
selenium, 17, TEMPLATE_METHOD, 75, 1, 2, 3, 34, 5, 3, 1, 0.4, 0.38
selenium, 18, TEMPLATE_METHOD, 75, 1, 2, 3, 34, 5, 3, 1, 0.4, 0.38
selenium, 19, TEMPLATE_METHOD, 75, 1, 2, 3, 34, 5, 3, 1, 0.4, 0.38
selenium, 0, SINGLETON, 76, 1, 2, 4, 13, 0, 3, 1, 0.33, 1
selenium, 1, SINGLETON, 76, 1, 2, 4, 13, 0, 3, 1, 0.33, 1
selenium, 2, SINGLETON, 76, 1, 2, 4, 13, 0, 3, 1, 0.33, 1
selenium, 3, SINGLETON, 76, 1, 2, 4, 13, 0, 3, 1, 0.33, 1
selenium, 4, SINGLETON, 76, 1, 2, 4, 13, 0, 3, 1, 0.33, 1
selenium, 5, SINGLETON, 76, 1, 2, 4, 13, 0, 3, 1, 0.33, 1
selenium, 6, SINGLETON, 76, 1, 2, 4, 13, 0, 3, 1, 0.33, 1
selenium, 7, SINGLETON, 76, 1, 2, 4, 13, 0, 3, 1, 0.33, 1
selenium, 8, SINGLETON, 76, 1, 2, 4, 13, 0, 3, 1, 0.33, 1
selenium, 9, SINGLETON, 76, 1, 2, 4, 13, 0, 3, 1, 0.33, 1
selenium, 10, SINGLETON, 76, 1, 2, 4, 13, 0, 3, 1, 0.33, 1
selenium, 11, SINGLETON, 76, 1, 2, 4, 13, 0, 3, 1, 0.33, 1
selenium, 12, SINGLETON, 76, 1, 2, 4, 13, 0, 3, 1, 0.33, 1
selenium, 13, SINGLETON, 76, 1, 2, 4, 13, 0, 3, 1, 0.33, 1
selenium, 14, SINGLETON, 76, 1, 2, 4, 13, 0, 3, 1, 0.33, 1
selenium, 15, SINGLETON, 76, 1, 2, 4, 13, 0, 3, 1, 0.33, 1
selenium, 16, SINGLETON, 76, 1, 2, 4, 13, 0, 3, 1, 0.33, 1
selenium, 17, SINGLETON, 76, 1, 2, 4, 13, 0, 3, 1, 0.33, 1
selenium, 18, SINGLETON, 76, 1, 2, 4, 13, 0, 3, 1, 0.33, 1
selenium, 19, SINGLETON, 76, 1, 2, 4, 13, 0, 3, 1, 0.33, 1
selenium, 0, SINGLETON, 77, 1, 2, 4, 7, 6, 4, 1, 0.33, 0.4
selenium, 1, SINGLETON, 77, 1, 2, 4, 7, 6, 4, 1, 0.33, 0.4
selenium, 2, SINGLETON, 77, 1, 2, 4, 7, 5, 4, 1, 0.33, 0.44
selenium, 3, SINGLETON, 77, 1, 2, 4, 7, 5, 4, 1, 0.33, 0.44
selenium, 4, SINGLETON, 77, 1, 2, 4, 7, 5, 4, 1, 0.33, 0.44
selenium, 5, SINGLETON, 77, 1, 2, 4, 7, 5, 4, 1, 0.33, 0.44
selenium, 6, SINGLETON, 77, 1, 2, 4, 7, 5, 4, 1, 0.33, 0.44
selenium, 7, SINGLETON, 77, 1, 2, 4, 7, 5, 4, 1, 0.33, 0.44
selenium, 8, SINGLETON, 77, 1, 2, 4, 7, 5, 4, 1, 0.33, 0.44
selenium, 9, SINGLETON, 77, 1, 2, 4, 7, 5, 4, 1, 0.33, 0.44
selenium, 10, SINGLETON, 77, 1, 2, 4, 7, 5, 4, 1, 0.33, 0.44
selenium, 11, SINGLETON, 77, 1, 2, 4, 7, 5, 4, 1, 0.33, 0.44
selenium, 12, SINGLETON, 77, 1, 2, 4, 7, 5, 4, 1, 0.33, 0.44
selenium, 13, SINGLETON, 77, 1, 2, 4, 7, 5, 4, 1, 0.33, 0.44
selenium, 14, SINGLETON, 77, 1, 2, 4, 7, 4, 4, 1, 0.33, 0.5
selenium, 15, SINGLETON, 77, 1, 2, 4, 7, 4, 4, 1, 0.33, 0.5
selenium, 16, SINGLETON, 77, 1, 2, 4, 7, 4, 4, 1, 0.33, 0.5
selenium, 17, SINGLETON, 77, 1, 2, 4, 7, 4, 4, 1, 0.33, 0.5
selenium, 18, SINGLETON, 77, 1, 2, 4, 7, 4, 4, 1, 0.33, 0.5
selenium, 19, SINGLETON, 77, 1, 2, 4, 7, 4, 4, 1, 0.33, 0.5
selenium, 0, SINGLETON, 78, 1, 2, 4, 9, 2, 2, 1, 0.33, 0.5
selenium, 1, SINGLETON, 78, 1, 2, 4, 9, 2, 2, 1, 0.33, 0.5
selenium, 2, SINGLETON, 78, 1, 2, 4, 9, 2, 2, 1, 0.33, 0.5
selenium, 3, SINGLETON, 78, 1, 2, 4, 9, 2, 2, 1, 0.33, 0.5
selenium, 4, SINGLETON, 78, 1, 2, 4, 9, 2, 2, 1, 0.33, 0.5
selenium, 5, SINGLETON, 78, 1, 2, 4, 9, 2, 2, 1, 0.33, 0.5
selenium, 6, SINGLETON, 78, 1, 2, 4, 9, 2, 2, 1, 0.33, 0.5
selenium, 7, SINGLETON, 78, 1, 2, 4, 9, 2, 2, 1, 0.33, 0.5
selenium, 8, SINGLETON, 78, 1, 2, 4, 8, 2, 2, 1, 0.33, 0.5
selenium, 9, SINGLETON, 78, 1, 2, 4, 8, 2, 2, 1, 0.33, 0.5
selenium, 10, SINGLETON, 78, 1, 2, 4, 8, 2, 2, 1, 0.33, 0.5
selenium, 11, SINGLETON, 78, 1, 2, 4, 8, 2, 2, 1, 0.33, 0.5
selenium, 12, SINGLETON, 78, 1, 2, 4, 8, 2, 2, 1, 0.33, 0.5
selenium, 13, SINGLETON, 78, 1, 2, 4, 8, 2, 2, 1, 0.33, 0.5
selenium, 14, SINGLETON, 78, 1, 2, 4, 8, 2, 2, 1, 0.33, 0.5
selenium, 15, SINGLETON, 78, 1, 2, 4, 8, 2, 2, 1, 0.33, 0.5
selenium, 16, SINGLETON, 78, 1, 2, 4, 8, 2, 2, 1, 0.33, 0.5
selenium, 17, SINGLETON, 78, 1, 2, 4, 8, 2, 2, 1, 0.33, 0.5
selenium, 18, SINGLETON, 78, 1, 2, 4, 8, 2, 2, 1, 0.33, 0.5
selenium, 19, SINGLETON, 78, 1, 2, 4, 8, 2, 2, 1, 0.33, 0.5
selenium, 0, SINGLETON, 79, 1, 2, 4, 14, 1, 4, 1, 0.33, 0.8
selenium, 1, SINGLETON, 79, 1, 2, 4, 14, 1, 4, 1, 0.33, 0.8
selenium, 2, SINGLETON, 79, 1, 2, 4, 14, 1, 4, 1, 0.33, 0.8
selenium, 3, SINGLETON, 79, 1, 2, 4, 14, 1, 4, 1, 0.33, 0.8
selenium, 4, SINGLETON, 79, 1, 2, 4, 14, 1, 4, 1, 0.33, 0.8
selenium, 5, SINGLETON, 79, 1, 2, 4, 14, 1, 4, 1, 0.33, 0.8
selenium, 6, SINGLETON, 79, 1, 2, 4, 14, 1, 4, 1, 0.33, 0.8
selenium, 7, SINGLETON, 79, 1, 2, 4, 14, 1, 4, 1, 0.33, 0.8
selenium, 8, SINGLETON, 79, 1, 2, 4, 14, 1, 4, 1, 0.33, 0.8
selenium, 9, SINGLETON, 79, 1, 2, 4, 2, 0, 1, 1, 0.33, 1
selenium, 10, SINGLETON, 79, 1, 2, 4, 2, 0, 1, 1, 0.33, 1
selenium, 11, SINGLETON, 79, 1, 2, 4, 2, 0, 1, 1, 0.33, 1
selenium, 12, SINGLETON, 79, 1, 2, 4, 2, 0, 1, 1, 0.33, 1
selenium, 13, SINGLETON, 79, 1, 2, 4, 2, 0, 1, 1, 0.33, 1
selenium, 14, SINGLETON, 79, 1, 2, 4, 2, 0, 1, 1, 0.33, 1
selenium, 0, SINGLETON, 80, 1, 2, 4, 5, 0, 2, 0, 0.33, 1
selenium, 1, SINGLETON, 80, 1, 2, 4, 5, 0, 2, 0, 0.33, 1
selenium, 2, SINGLETON, 80, 1, 2, 4, 5, 0, 2, 0, 0.33, 1
selenium, 3, SINGLETON, 80, 1, 2, 4, 5, 0, 2, 0, 0.33, 1
selenium, 4, SINGLETON, 80, 1, 2, 4, 5, 0, 2, 0, 0.33, 1
selenium, 5, SINGLETON, 80, 1, 2, 4, 5, 0, 2, 0, 0.33, 1
selenium, 6, SINGLETON, 80, 1, 2, 4, 5, 0, 2, 0, 0.33, 1
selenium, 7, SINGLETON, 80, 1, 2, 4, 5, 0, 2, 0, 0.33, 1
selenium, 8, SINGLETON, 80, 1, 2, 4, 5, 0, 2, 0, 0.33, 1
selenium, 9, SINGLETON, 80, 1, 2, 4, 5, 0, 2, 0, 0.33, 1
selenium, 10, SINGLETON, 80, 1, 2, 4, 5, 0, 2, 0, 0.33, 1
selenium, 11, SINGLETON, 80, 1, 2, 4, 5, 0, 2, 0, 0.33, 1
selenium, 12, SINGLETON, 80, 1, 2, 4, 5, 0, 2, 0, 0.33, 1
selenium, 13, SINGLETON, 80, 1, 2, 4, 5, 0, 2, 0, 0.33, 1
selenium, 14, SINGLETON, 80, 1, 2, 4, 5, 0, 2, 0, 0.33, 1
selenium, 15, SINGLETON, 80, 1, 2, 4, 5, 0, 2, 0, 0.33, 1
selenium, 16, SINGLETON, 80, 1, 2, 4, 5, 0, 2, 0, 0.33, 1
selenium, 17, SINGLETON, 80, 1, 2, 4, 5, 0, 2, 0, 0.33, 1
selenium, 18, SINGLETON, 80, 1, 2, 4, 5, 0, 2, 0, 0.33, 1
selenium, 19, SINGLETON, 80, 1, 2, 4, 5, 0, 2, 0, 0.33, 1
selenium, 0, SINGLETON, 81, 1, 2, 4, 2, 2, 1, 1, 0.33, 0.33
selenium, 1, SINGLETON, 81, 1, 2, 4, 2, 2, 1, 1, 0.33, 0.33
selenium, 2, SINGLETON, 81, 1, 2, 4, 2, 2, 1, 1, 0.33, 0.33
selenium, 3, SINGLETON, 81, 1, 2, 4, 2, 2, 1, 1, 0.33, 0.33
selenium, 4, SINGLETON, 81, 1, 2, 4, 2, 2, 1, 1, 0.33, 0.33
selenium, 5, SINGLETON, 81, 1, 2, 4, 2, 2, 1, 1, 0.33, 0.33
selenium, 6, SINGLETON, 81, 1, 2, 4, 2, 2, 1, 1, 0.33, 0.33
selenium, 7, SINGLETON, 81, 1, 2, 4, 2, 2, 1, 1, 0.33, 0.33
selenium, 8, SINGLETON, 81, 1, 2, 4, 2, 2, 1, 1, 0.33, 0.33
selenium, 9, SINGLETON, 81, 1, 2, 4, 2, 2, 1, 1, 0.33, 0.33
selenium, 10, SINGLETON, 81, 1, 2, 4, 2, 2, 1, 1, 0.33, 0.33
selenium, 11, SINGLETON, 81, 1, 2, 4, 2, 2, 1, 1, 0.33, 0.33
selenium, 12, SINGLETON, 81, 1, 2, 4, 2, 2, 1, 1, 0.33, 0.33
selenium, 13, SINGLETON, 81, 1, 2, 4, 2, 1, 1, 1, 0.33, 0.5
selenium, 14, SINGLETON, 81, 1, 2, 4, 2, 1, 1, 1, 0.33, 0.5
selenium, 15, SINGLETON, 81, 1, 2, 4, 2, 1, 1, 1, 0.33, 0.5
selenium, 16, SINGLETON, 81, 1, 2, 4, 2, 1, 1, 1, 0.33, 0.5
selenium, 17, SINGLETON, 81, 1, 2, 4, 2, 1, 1, 1, 0.33, 0.5
selenium, 18, SINGLETON, 81, 1, 2, 4, 3, 1, 1, 1, 0.33, 0.5
selenium, 19, SINGLETON, 81, 1, 2, 4, 3, 1, 1, 1, 0.33, 0.5
selenium, 8, SINGLETON, 82, 1, 2, 4, 5, 0, 3, 0, 0.33, 1
selenium, 9, SINGLETON, 82, 1, 2, 4, 5, 0, 3, 0, 0.33, 1
selenium, 10, SINGLETON, 82, 1, 2, 4, 5, 0, 3, 0, 0.33, 1
selenium, 11, SINGLETON, 82, 1, 2, 4, 5, 1, 3, 0, 0.33, 0.75
selenium, 12, SINGLETON, 82, 1, 2, 4, 5, 1, 3, 0, 0.33, 0.75
selenium, 13, SINGLETON, 82, 1, 2, 4, 5, 1, 3, 0, 0.33, 0.75
selenium, 14, SINGLETON, 82, 1, 2, 4, 5, 1, 3, 0, 0.33, 0.75
selenium, 15, SINGLETON, 82, 1, 2, 4, 5, 1, 3, 0, 0.33, 0.75
selenium, 16, SINGLETON, 82, 1, 2, 4, 5, 1, 3, 0, 0.33, 0.75
selenium, 17, SINGLETON, 82, 1, 2, 4, 5, 1, 3, 0, 0.33, 0.75
selenium, 18, SINGLETON, 82, 1, 2, 4, 5, 1, 3, 0, 0.33, 0.75
selenium, 19, SINGLETON, 82, 1, 2, 4, 5, 1, 3, 0, 0.33, 0.75
selenium, 14, SINGLETON, 83, 1, 2, 4, 34, 4, 3, 1, 0.33, 0.43
selenium, 15, SINGLETON, 83, 1, 2, 4, 34, 5, 3, 1, 0.33, 0.38
selenium, 16, SINGLETON, 83, 1, 2, 4, 34, 5, 3, 1, 0.33, 0.38
selenium, 17, SINGLETON, 83, 1, 2, 4, 34, 5, 3, 1, 0.33, 0.38
selenium, 18, SINGLETON, 83, 1, 2, 4, 34, 5, 3, 1, 0.33, 0.38
selenium, 19, SINGLETON, 83, 1, 2, 4, 34, 5, 3, 1, 0.33, 0.38
selenium, 15, SINGLETON, 84, 1, 2, 4, 11, 0, 2, 0, 0.33, 1
selenium, 16, SINGLETON, 84, 1, 2, 4, 11, 0, 2, 0, 0.33, 1
selenium, 17, SINGLETON, 84, 1, 2, 4, 11, 0, 2, 0, 0.33, 1
selenium, 18, SINGLETON, 84, 1, 2, 4, 11, 0, 2, 0, 0.33, 1
selenium, 19, SINGLETON, 84, 1, 2, 4, 11, 0, 2, 0, 0.33, 1
