Project_ID	Software_Version	Pattern_Type	Pattern_ID	Num_Participating_Classes	Num_Conforming_Structural_Roles	Num_NonConforming_Structural_Roles	Num_Conforming_Behavioral_Roles	Num_NonConforming_Behavioral_Roles	Num_Conforming_Roles_Total	Num_NonConforming_Roles_Total	SSize2	Pattern_Members	Afferent_Coupling	Efferent_Coupling	Coupling_Between_Pattern_Classes	Pattern_Structural_Integrity	Pattern_Behavioral_Integrity	Pattern_Integrity	Pattern_Instability	Pattern_Structural_Aberrations	Pattern_Behavioral_Aberrations	MG-PEA grime count	MG-PEA grime additions	MG-PEA grime removals	MG-PEE grime count	MG-PEE grime additions	MG-PEE grime removals	MG-PI grime count	MG-PI grime additions	MG-PI grime removals	MG-TEA grime count	MG-TEA grime additions	MG-TEA grime removals	MG-TEE grime count	MG-TEE grime additions	MG-TEE grime removals	MG-TI grime count	MG-TI grime additions	MG-TI grime removals	CG-DIP grime count (across all pattern classes)	CG-DIP grime average (across all pattern classes)	CG-DIS grime count (across all pattern classes)	CG-DIS grime average (across all pattern classes)	CG-DEP grime count (across all pattern classes)	CG-DEP grime average (across all pattern classes)	CG-DES grime count (across all pattern classes)	CG-DES grime average (across all pattern classes)	CG-IIP grime count (across all pattern classes)	CG-IIP grime average (across all pattern classes)	CG-IIS grime count (across all pattern classes)	CG-IIS grime average (across all pattern classes)	CG-IEP grime count (across all pattern classes)	CG-IEP grime average (across all pattern classes)	CG-IES grime count (across all pattern classes)	CG-IES grime average (across all pattern classes)	OG-PEA grime count	OG-PEA grime additions	OG-PEA grime removals	OG-PI grime count	OG-PI grime additions	OG-PI grime removals	OG-TEA grime count	OG-TEA grime additions	OG-TEA grime removals	OG-TI grime count	OG-TI grime additions	OG-TI grime removals	RG-PEA grime count	RG-PEA grime additions	RG-PEA grime removals	RG-PEE grime count	RG-PEE grime additions	RG-PEE grime removals	RG-PI grime count	RG-PI grime additions	RG-PI grime removals	RG-TEA grime count	RG-TEA grime additions	RG-TEA grime removals	RG-TEE grime count	RG-TEE grime additions	RG-TEE grime removals	RG-TI grime count	RG-TI grime additions	RG-TI grime removals	
hystrix	3	STATE	com.netflix.hystrix.collapser.RequestCollapser	3	8	3	1	1	9	4	12	6	1	3	1	0.73	0.5	0.69	0.75	3	0	0	0	0	3	3	0	0	0	0	0	0	0	0	0	0	0	0	0	0	0.0	0	0.0	0	0.0	0	0.0	0	0.0	0	0.0	0	0.0	0	0.0	0	0	0	0	0	0	0	0	0	0	0	0	0	0	0	0	0	0	0	0	0	0	0	0	0	0	0	0	0	0	
hystrix	4	STATE	com.netflix.hystrix.collapser.RequestCollapser	3	8	3	1	1	9	4	12	6	1	3	1	0.73	0.5	0.69	0.75	3	0	0	0	0	3	0	0	0	0	0	0	0	0	0	0	0	0	0	0	0	0.0	0	0.0	0	0.0	0	0.0	0	0.0	0	0.0	0	0.0	0	0.0	0	0	0	0	0	0	0	0	0	0	0	0	0	0	0	0	0	0	0	0	0	0	0	0	0	0	0	0	0	0	
hystrix	5	STATE	com.netflix.hystrix.collapser.RequestCollapser	3	8	3	1	1	9	4	12	6	1	3	1	0.73	0.5	0.69	0.75	3	0	0	0	0	3	0	0	0	0	0	0	0	0	0	0	0	0	0	0	0	0.0	0	0.0	0	0.0	0	0.0	0	0.0	0	0.0	0	0.0	0	0.0	0	0	0	0	0	0	0	0	0	0	0	0	0	0	0	0	0	0	0	0	0	0	0	0	0	0	0	0	0	0	
hystrix	6	STATE	com.netflix.hystrix.collapser.RequestCollapser	3	8	3	1	1	9	4	12	6	1	3	1	0.73	0.5	0.69	0.75	3	0	0	0	0	3	0	0	0	0	0	0	0	0	0	0	0	0	0	0	0	0.0	0	0.0	0	0.0	0	0.0	0	0.0	0	0.0	0	0.0	0	0.0	0	0	0	0	0	0	0	0	0	0	0	0	0	0	0	0	0	0	0	0	0	0	0	0	0	0	0	0	0	0	
hystrix	7	STATE	com.netflix.hystrix.collapser.RequestCollapser	3	8	3	1	1	9	4	12	6	1	3	1	0.73	0.5	0.69	0.75	3	0	0	0	0	3	0	0	0	0	0	0	0	0	0	0	0	0	0	0	0	0.0	0	0.0	0	0.0	0	0.0	0	0.0	0	0.0	0	0.0	0	0.0	0	0	0	0	0	0	0	0	0	0	0	0	0	0	0	0	0	0	0	0	0	0	0	0	0	0	0	0	0	0	
hystrix	8	STATE	com.netflix.hystrix.collapser.RequestCollapser	3	8	3	1	1	9	4	12	6	1	3	1	0.73	0.5	0.69	0.75	3	0	0	0	0	3	0	0	0	0	0	0	0	0	0	0	0	0	0	0	0	0.0	0	0.0	0	0.0	0	0.0	0	0.0	0	0.0	0	0.0	0	0.0	0	0	0	0	0	0	0	0	0	0	0	0	0	0	0	0	0	0	0	0	0	0	0	0	0	0	0	0	0	0	
hystrix	9	STATE	com.netflix.hystrix.collapser.RequestCollapser	3	8	3	1	1	9	4	12	6	1	3	1	0.73	0.5	0.69	0.75	3	0	0	0	0	3	0	0	0	0	0	0	0	0	0	0	0	0	0	0	0	0.0	0	0.0	0	0.0	0	0.0	0	0.0	0	0.0	0	0.0	0	0.0	0	0	0	0	0	0	0	0	0	0	0	0	0	0	0	0	0	0	0	0	0	0	0	0	0	0	0	0	0	0	
hystrix	10	STATE	com.netflix.hystrix.collapser.RequestCollapser	3	8	3	1	1	9	4	12	6	1	3	1	0.73	0.5	0.69	0.75	3	0	0	0	0	3	0	0	0	0	0	0	0	0	0	0	0	0	0	0	0	0.0	0	0.0	0	0.0	0	0.0	0	0.0	0	0.0	0	0.0	0	0.0	0	0	0	0	0	0	0	0	0	0	0	0	0	0	0	0	0	0	0	0	0	0	0	0	0	0	0	0	0	0	
hystrix	11	STATE	com.netflix.hystrix.collapser.RequestCollapser	3	8	3	1	1	9	4	12	6	1	3	1	0.73	0.5	0.69	0.75	3	0	0	0	0	3	0	0	0	0	0	0	0	0	0	0	0	0	0	0	0	0.0	0	0.0	0	0.0	0	0.0	0	0.0	0	0.0	0	0.0	0	0.0	0	0	0	0	0	0	0	0	0	0	0	0	0	0	0	0	0	0	0	0	0	0	0	0	0	0	0	0	0	0	
hystrix	12	STATE	com.netflix.hystrix.collapser.RequestCollapser	3	8	3	1	1	9	4	12	6	1	3	1	0.73	0.5	0.69	0.75	3	0	0	0	0	3	0	0	0	0	0	0	0	0	0	0	0	0	0	0	0	0.0	0	0.0	0	0.0	0	0.0	0	0.0	0	0.0	0	0.0	0	0.0	0	0	0	0	0	0	0	0	0	0	0	0	0	0	0	0	0	0	0	0	0	0	0	0	0	0	0	0	0	0	
hystrix	13	STATE	com.netflix.hystrix.collapser.RequestCollapser	3	8	3	1	1	9	4	12	6	1	3	1	0.73	0.5	0.69	0.75	3	0	0	0	0	3	0	0	0	0	0	0	0	0	0	0	0	0	0	0	0	0.0	0	0.0	0	0.0	0	0.0	0	0.0	0	0.0	0	0.0	0	0.0	0	0	0	0	0	0	0	0	0	0	0	0	0	0	0	0	0	0	0	0	0	0	0	0	0	0	0	0	0	0	
hystrix	14	STATE	com.netflix.hystrix.collapser.RequestCollapser	3	8	3	1	1	9	4	12	6	1	3	1	0.73	0.5	0.69	0.75	3	0	0	0	0	3	0	0	0	0	0	0	0	0	0	0	0	0	0	0	0	0.0	0	0.0	0	0.0	0	0.0	0	0.0	0	0.0	0	0.0	0	0.0	0	0	0	0	0	0	0	0	0	0	0	0	0	0	0	0	0	0	0	0	0	0	0	0	0	0	0	0	0	0	
hystrix	15	STATE	com.netflix.hystrix.collapser.RequestCollapser	3	8	3	1	1	9	4	13	6	1	4	1	0.73	0.5	0.69	0.8	3	0	0	0	0	3	0	0	0	0	0	0	0	0	0	0	0	0	0	0	0	0.0	0	0.0	0	0.0	0	0.0	0	0.0	0	0.0	0	0.0	0	0.0	0	0	0	0	0	0	0	0	0	0	0	0	0	0	0	0	0	0	0	0	0	0	0	0	0	0	0	0	0	0	
hystrix	16	STATE	com.netflix.hystrix.collapser.RequestCollapser	3	8	3	1	1	9	4	13	6	1	4	1	0.73	0.5	0.69	0.8	3	0	0	0	0	3	0	0	0	0	0	0	0	0	0	0	0	0	0	0	0	0.0	0	0.0	0	0.0	0	0.0	0	0.0	0	0.0	0	0.0	0	0.0	0	0	0	0	0	0	0	0	0	0	0	0	0	0	0	0	0	0	0	0	0	0	0	0	0	0	0	0	0	0	
hystrix	17	STATE	com.netflix.hystrix.collapser.RequestCollapser	3	8	3	1	1	9	4	13	6	1	4	1	0.73	0.5	0.69	0.8	3	0	0	0	0	3	0	0	0	0	0	0	0	0	0	0	0	0	0	0	0	0.0	0	0.0	0	0.0	0	0.0	0	0.0	0	0.0	0	0.0	0	0.0	0	0	0	0	0	0	0	0	0	0	0	0	0	0	0	0	0	0	0	0	0	0	0	0	0	0	0	0	0	0	
hystrix	18	STATE	com.netflix.hystrix.collapser.RequestCollapser	3	8	3	1	1	9	4	13	6	1	4	1	0.73	0.5	0.69	0.8	3	0	0	0	0	3	0	0	0	0	0	0	0	0	0	0	0	0	0	0	0	0.0	0	0.0	0	0.0	0	0.0	0	0.0	0	0.0	0	0.0	0	0.0	0	0	0	0	0	0	0	0	0	0	0	0	0	0	0	0	0	0	0	0	0	0	0	0	0	0	0	0	0	0	
hystrix	19	STATE	com.netflix.hystrix.collapser.RequestCollapser	3	8	3	1	1	9	4	13	6	1	4	1	0.73	0.5	0.69	0.8	3	0	0	0	0	3	0	0	0	0	0	0	0	0	0	0	0	0	0	0	0	0.0	0	0.0	0	0.0	0	0.0	0	0.0	0	0.0	0	0.0	0	0.0	0	0	0	0	0	0	0	0	0	0	0	0	0	0	0	0	0	0	0	0	0	0	0	0	0	0	0	0	0	0	
hystrix	3	STATE	com.netflix.hystrix.collapser.RequestBatch	2	3	6	1	1	4	7	14	4	0	4	0	0.33	0.5	0.36	1	5	0	0	0	0	1	1	0	0	0	0	0	0	0	4	4	0	0	0	0	0	0.0	0	0.0	0	0.0	0	0.0	0	0.0	0	0.0	0	0.0	0	0.0	0	0	0	0	0	0	0	0	0	0	0	0	0	0	0	0	0	0	0	0	0	0	0	0	0	0	0	0	0	0	
hystrix	4	STATE	com.netflix.hystrix.collapser.RequestBatch	2	3	6	1	1	4	7	14	4	0	4	0	0.33	0.5	0.36	1	5	0	0	0	0	1	0	0	0	0	0	0	0	0	4	0	0	0	0	0	0	0.0	0	0.0	0	0.0	0	0.0	0	0.0	0	0.0	0	0.0	0	0.0	0	0	0	0	0	0	0	0	0	0	0	0	0	0	0	0	0	0	0	0	0	0	0	0	0	0	0	0	0	0	
hystrix	5	STATE	com.netflix.hystrix.collapser.RequestBatch	2	3	6	1	1	4	7	14	4	0	4	0	0.33	0.5	0.36	1	5	0	0	0	0	1	0	0	0	0	0	0	0	0	4	0	0	0	0	0	0	0.0	0	0.0	0	0.0	0	0.0	0	0.0	0	0.0	0	0.0	0	0.0	0	0	0	0	0	0	0	0	0	0	0	0	0	0	0	0	0	0	0	0	0	0	0	0	0	0	0	0	0	0	
hystrix	6	STATE	com.netflix.hystrix.collapser.RequestBatch	2	3	6	1	1	4	7	14	4	0	4	0	0.33	0.5	0.36	1	5	0	0	0	0	1	0	0	0	0	0	0	0	0	4	0	0	0	0	0	0	0.0	0	0.0	0	0.0	0	0.0	0	0.0	0	0.0	0	0.0	0	0.0	0	0	0	0	0	0	0	0	0	0	0	0	0	0	0	0	0	0	0	0	0	0	0	0	0	0	0	0	0	0	
hystrix	7	STATE	com.netflix.hystrix.collapser.RequestBatch	2	3	6	1	1	4	7	14	4	0	6	0	0.33	0.5	0.36	1	7	0	0	0	0	1	0	0	0	0	0	0	0	0	6	2	0	0	0	0	0	0.0	0	0.0	0	0.0	0	0.0	0	0.0	0	0.0	0	0.0	0	0.0	0	0	0	0	0	0	0	0	0	0	0	0	0	0	0	0	0	0	0	0	0	0	0	0	0	0	0	0	0	0	
hystrix	8	STATE	com.netflix.hystrix.collapser.RequestBatch	2	3	6	1	1	4	7	14	4	0	6	0	0.33	0.5	0.36	1	7	0	0	0	0	1	0	0	0	0	0	0	0	0	6	0	0	0	0	0	0	0.0	0	0.0	0	0.0	0	0.0	0	0.0	0	0.0	0	0.0	0	0.0	0	0	0	0	0	0	0	0	0	0	0	0	0	0	0	0	0	0	0	0	0	0	0	0	0	0	0	0	0	0	
hystrix	9	STATE	com.netflix.hystrix.collapser.RequestBatch	2	3	6	1	1	4	7	14	4	0	6	0	0.33	0.5	0.36	1	7	0	0	0	0	1	0	0	0	0	0	0	0	0	6	0	0	0	0	0	0	0.0	0	0.0	0	0.0	0	0.0	0	0.0	0	0.0	0	0.0	0	0.0	0	0	0	0	0	0	0	0	0	0	0	0	0	0	0	0	0	0	0	0	0	0	0	0	0	0	0	0	0	0	
hystrix	10	STATE	com.netflix.hystrix.collapser.RequestBatch	2	3	6	1	1	4	7	14	4	0	6	0	0.33	0.5	0.36	1	7	0	0	0	0	1	0	0	0	0	0	0	0	0	6	0	0	0	0	0	0	0.0	0	0.0	0	0.0	0	0.0	0	0.0	0	0.0	0	0.0	0	0.0	0	0	0	0	0	0	0	0	0	0	0	0	0	0	0	0	0	0	0	0	0	0	0	0	0	0	0	0	0	0	
hystrix	11	STATE	com.netflix.hystrix.collapser.RequestBatch	2	3	6	1	1	4	7	14	4	0	6	0	0.33	0.5	0.36	1	7	0	0	0	0	1	0	0	0	0	0	0	0	0	6	0	0	0	0	0	0	0.0	0	0.0	0	0.0	0	0.0	0	0.0	0	0.0	0	0.0	0	0.0	0	0	0	0	0	0	0	0	0	0	0	0	0	0	0	0	0	0	0	0	0	0	0	0	0	0	0	0	0	0	
hystrix	12	STATE	com.netflix.hystrix.collapser.RequestBatch	2	3	6	1	1	4	7	14	4	0	6	0	0.33	0.5	0.36	1	7	0	0	0	0	1	0	0	0	0	0	0	0	0	6	0	0	0	0	0	0	0.0	0	0.0	0	0.0	0	0.0	0	0.0	0	0.0	0	0.0	0	0.0	0	0	0	0	0	0	0	0	0	0	0	0	0	0	0	0	0	0	0	0	0	0	0	0	0	0	0	0	0	0	
hystrix	13	STATE	com.netflix.hystrix.collapser.RequestBatch	2	3	6	1	1	4	7	14	4	0	6	0	0.33	0.5	0.36	1	7	0	0	0	0	1	0	0	0	0	0	0	0	0	6	0	0	0	0	0	0	0.0	0	0.0	0	0.0	0	0.0	0	0.0	0	0.0	0	0.0	0	0.0	0	0	0	0	0	0	0	0	0	0	0	0	0	0	0	0	0	0	0	0	0	0	0	0	0	0	0	0	0	0	
hystrix	14	STATE	com.netflix.hystrix.collapser.RequestBatch	2	3	6	1	1	4	7	14	4	0	6	0	0.33	0.5	0.36	1	7	0	0	0	0	1	0	0	0	0	0	0	0	0	6	0	0	0	0	0	0	0.0	0	0.0	0	0.0	0	0.0	0	0.0	0	0.0	0	0.0	0	0.0	0	0	0	0	0	0	0	0	0	0	0	0	0	0	0	0	0	0	0	0	0	0	0	0	0	0	0	0	0	0	
hystrix	15	STATE	com.netflix.hystrix.collapser.RequestBatch	2	4	6	1	1	5	7	16	5	0	8	0	0.4	0.5	0.42	1	9	0	0	0	0	2	1	0	0	0	0	0	0	0	7	1	0	0	0	0	1	0.5	0	0.0	0	0.0	0	0.0	1	0.5	0	0.0	0	0.0	0	0.0	0	0	0	0	0	0	0	0	0	0	0	0	0	0	0	0	0	0	0	0	0	0	0	0	0	0	0	0	0	0	
hystrix	16	STATE	com.netflix.hystrix.collapser.RequestBatch	2	4	6	1	1	5	7	16	5	0	8	0	0.4	0.5	0.42	1	9	0	0	0	0	2	0	0	0	0	0	0	0	0	7	0	0	0	0	0	0	0.0	0	0.0	0	0.0	0	0.0	0	0.0	0	0.0	0	0.0	0	0.0	0	0	0	0	0	0	0	0	0	0	0	0	0	0	0	0	0	0	0	0	0	0	0	0	0	0	0	0	0	0	
hystrix	17	STATE	com.netflix.hystrix.collapser.RequestBatch	2	4	6	1	1	5	7	16	5	0	8	0	0.4	0.5	0.42	1	9	0	0	0	0	2	0	0	0	0	0	0	0	0	7	0	0	0	0	0	0	0.0	0	0.0	0	0.0	0	0.0	0	0.0	0	0.0	0	0.0	0	0.0	0	0	0	0	0	0	0	0	0	0	0	0	0	0	0	0	0	0	0	0	0	0	0	0	0	0	0	0	0	0	
hystrix	18	STATE	com.netflix.hystrix.collapser.RequestBatch	2	4	6	1	1	5	7	16	5	0	8	0	0.4	0.5	0.42	1	9	0	0	0	0	2	0	0	0	0	0	0	0	0	7	0	0	0	0	0	0	0.0	0	0.0	0	0.0	0	0.0	0	0.0	0	0.0	0	0.0	0	0.0	0	0	0	0	0	0	0	0	0	0	0	0	0	0	0	0	0	0	0	0	0	0	0	0	0	0	0	0	0	0	
hystrix	19	STATE	com.netflix.hystrix.collapser.RequestBatch	2	4	6	1	1	5	7	16	5	0	8	0	0.4	0.5	0.42	1	9	0	0	0	0	2	0	0	0	0	0	0	0	0	7	0	0	0	0	0	0	0.0	0	0.0	0	0.0	0	0.0	0	0.0	0	0.0	0	0.0	0	0.0	0	0	0	0	0	0	0	0	0	0	0	0	0	0	0	0	0	0	0	0	0	0	0	0	0	0	0	0	0	0	
hystrix	3	STATE	com.netflix.hystrix.collapser.RequestCollapserFactory	2	9	5	1	1	10	6	20	9	6	5	1	0.64	0.5	0.62	0.45	11	0	0	0	0	3	3	0	0	0	0	5	5	0	2	2	0	1	1	0	0	0.0	0	0.0	0	0.0	0	0.0	0	0.0	0	0.0	0	0.0	0	0.0	0	0	0	0	0	0	0	0	0	0	0	0	0	0	0	0	0	0	0	0	0	0	0	0	0	0	0	0	0	0	
hystrix	4	STATE	com.netflix.hystrix.collapser.RequestCollapserFactory	2	9	5	1	1	10	6	20	9	6	5	1	0.64	0.5	0.62	0.45	11	0	0	0	0	3	0	0	0	0	0	5	0	0	2	0	0	1	0	0	0	0.0	0	0.0	0	0.0	0	0.0	0	0.0	0	0.0	0	0.0	0	0.0	0	0	0	0	0	0	0	0	0	0	0	0	0	0	0	0	0	0	0	0	0	0	0	0	0	0	0	0	0	0	
hystrix	5	STATE	com.netflix.hystrix.collapser.RequestCollapserFactory	2	9	5	1	1	10	6	20	9	6	5	1	0.64	0.5	0.62	0.45	11	0	0	0	0	3	0	0	0	0	0	5	1	1	2	0	0	1	0	0	0	0.0	0	0.0	0	0.0	0	0.0	0	0.0	0	0.0	0	0.0	0	0.0	0	0	0	0	0	0	0	0	0	0	0	0	0	0	0	0	0	0	0	0	0	0	0	0	0	0	0	0	0	0	
hystrix	6	STATE	com.netflix.hystrix.collapser.RequestCollapserFactory	2	9	5	1	1	10	6	20	9	6	5	1	0.64	0.5	0.62	0.45	11	0	0	0	0	3	0	0	0	0	0	5	1	1	2	0	0	1	0	0	0	0.0	0	0.0	0	0.0	0	0.0	0	0.0	0	0.0	0	0.0	0	0.0	0	0	0	0	0	0	0	0	0	0	0	0	0	0	0	0	0	0	0	0	0	0	0	0	0	0	0	0	0	0	
hystrix	7	STATE	com.netflix.hystrix.collapser.RequestCollapserFactory	2	9	5	1	1	10	6	20	9	10	5	1	0.64	0.5	0.62	0.33	15	0	0	0	0	3	0	0	0	0	0	9	4	0	2	0	0	1	0	0	1	0.5	0	0.0	0	0.0	0	0.0	1	0.5	0	0.0	0	0.0	0	0.0	0	0	0	0	0	0	0	0	0	0	0	0	0	0	0	0	0	0	0	0	0	0	0	0	0	0	0	0	0	0	
hystrix	8	STATE	com.netflix.hystrix.collapser.RequestCollapserFactory	2	9	5	1	1	10	6	20	9	10	5	1	0.64	0.5	0.62	0.33	15	0	0	0	0	3	0	0	0	0	0	9	1	1	2	0	0	1	0	0	0	0.0	0	0.0	0	0.0	0	0.0	0	0.0	0	0.0	0	0.0	0	0.0	0	0	0	0	0	0	0	0	0	0	0	0	0	0	0	0	0	0	0	0	0	0	0	0	0	0	0	0	0	0	
hystrix	9	STATE	com.netflix.hystrix.collapser.RequestCollapserFactory	2	9	5	1	1	10	6	20	9	10	5	1	0.64	0.5	0.62	0.33	15	0	0	0	0	3	0	0	0	0	0	9	1	1	2	0	0	1	0	0	0	0.0	0	0.0	0	0.0	0	0.0	0	0.0	0	0.0	0	0.0	0	0.0	0	0	0	0	0	0	0	0	0	0	0	0	0	0	0	0	0	0	0	0	0	0	0	0	0	0	0	0	0	0	
hystrix	10	STATE	com.netflix.hystrix.collapser.RequestCollapserFactory	2	9	5	1	1	10	6	20	9	10	5	1	0.64	0.5	0.62	0.33	15	0	0	0	0	3	0	0	0	0	0	9	1	1	2	0	0	1	0	0	0	0.0	0	0.0	0	0.0	0	0.0	0	0.0	0	0.0	0	0.0	0	0.0	0	0	0	0	0	0	0	0	0	0	0	0	0	0	0	0	0	0	0	0	0	0	0	0	0	0	0	0	0	0	
hystrix	11	STATE	com.netflix.hystrix.collapser.RequestCollapserFactory	2	9	5	1	1	10	6	20	9	10	5	1	0.64	0.5	0.62	0.33	15	0	0	0	0	3	0	0	0	0	0	9	1	1	2	0	0	1	0	0	0	0.0	0	0.0	0	0.0	0	0.0	0	0.0	0	0.0	0	0.0	0	0.0	0	0	0	0	0	0	0	0	0	0	0	0	0	0	0	0	0	0	0	0	0	0	0	0	0	0	0	0	0	0	
hystrix	12	STATE	com.netflix.hystrix.collapser.RequestCollapserFactory	2	9	5	1	1	10	6	20	9	10	5	1	0.64	0.5	0.62	0.33	15	0	0	0	0	3	0	0	0	0	0	9	1	1	2	0	0	1	0	0	0	0.0	0	0.0	0	0.0	0	0.0	0	0.0	0	0.0	0	0.0	0	0.0	0	0	0	0	0	0	0	0	0	0	0	0	0	0	0	0	0	0	0	0	0	0	0	0	0	0	0	0	0	0	
hystrix	13	STATE	com.netflix.hystrix.collapser.RequestCollapserFactory	2	9	5	1	1	10	6	20	9	22	5	1	0.64	0.5	0.62	0.19	31	0	4	4	0	3	0	0	0	0	0	21	12	0	2	0	0	1	0	0	0	0.0	0	0.0	0	0.0	0	0.0	0	0.0	0	0.0	0	0.0	0	0.0	0	0	0	0	0	0	0	0	0	0	0	0	0	0	0	0	0	0	0	0	0	0	0	0	0	0	0	0	0	0	
hystrix	14	STATE	com.netflix.hystrix.collapser.RequestCollapserFactory	2	9	5	1	1	10	6	20	9	22	5	1	0.64	0.5	0.62	0.19	31	0	4	1	1	3	0	0	0	0	0	21	1	1	2	0	0	1	0	0	0	0.0	0	0.0	0	0.0	0	0.0	0	0.0	0	0.0	0	0.0	0	0.0	0	0	0	0	0	0	0	0	0	0	0	0	0	0	0	0	0	0	0	0	0	0	0	0	0	0	0	0	0	0	
hystrix	15	STATE	com.netflix.hystrix.collapser.RequestCollapserFactory	2	9	5	1	1	10	6	19	9	21	5	1	0.64	0.5	0.62	0.19	30	0	4	1	1	3	0	0	0	0	0	20	1	2	2	0	0	1	0	0	1	0.5	0	0.0	0	0.0	0	0.0	1	0.5	0	0.0	0	0.0	0	0.0	0	0	0	0	0	0	0	0	0	0	0	0	0	0	0	0	0	0	0	0	0	0	0	0	0	0	0	0	0	0	
hystrix	16	STATE	com.netflix.hystrix.collapser.RequestCollapserFactory	2	9	5	1	1	10	6	19	9	21	5	1	0.64	0.5	0.62	0.19	30	0	4	1	1	3	0	0	0	0	0	20	1	1	2	0	0	1	0	0	0	0.0	0	0.0	0	0.0	0	0.0	0	0.0	0	0.0	0	0.0	0	0.0	0	0	0	0	0	0	0	0	0	0	0	0	0	0	0	0	0	0	0	0	0	0	0	0	0	0	0	0	0	0	
hystrix	17	STATE	com.netflix.hystrix.collapser.RequestCollapserFactory	2	9	5	1	1	10	6	19	9	21	5	1	0.64	0.5	0.62	0.19	30	0	4	0	0	3	0	0	0	0	0	20	1	1	2	0	0	1	0	0	0	0.0	0	0.0	0	0.0	0	0.0	0	0.0	0	0.0	0	0.0	0	0.0	0	0	0	0	0	0	0	0	0	0	0	0	0	0	0	0	0	0	0	0	0	0	0	0	0	0	0	0	0	0	
hystrix	18	STATE	com.netflix.hystrix.collapser.RequestCollapserFactory	2	9	5	1	1	10	6	19	9	21	5	1	0.64	0.5	0.62	0.19	30	0	4	1	1	3	0	0	0	0	0	20	1	1	2	0	0	1	0	0	0	0.0	0	0.0	0	0.0	0	0.0	0	0.0	0	0.0	0	0.0	0	0.0	0	0	0	0	0	0	0	0	0	0	0	0	0	0	0	0	0	0	0	0	0	0	0	0	0	0	0	0	0	0	
hystrix	19	STATE	com.netflix.hystrix.collapser.RequestCollapserFactory	2	9	5	1	1	10	6	19	9	21	5	1	0.64	0.5	0.62	0.19	30	0	4	1	1	3	0	0	0	0	0	20	1	1	2	0	0	1	0	0	0	0.0	0	0.0	0	0.0	0	0.0	0	0.0	0	0.0	0	0.0	0	0.0	0	0	0	0	0	0	0	0	0	0	0	0	0	0	0	0	0	0	0	0	0	0	0	0	0	0	0	0	0	0	
hystrix	3	TEMPLATE_METHOD	com.netflix.hystrix.HystrixCollapser	1	2	3	1	1	3	4	20	2	0	5	0	0.4	0.5	0.43	1	6	6	0	0	0	2	2	0	0	0	0	0	0	0	4	4	0	0	0	0	0	0.0	0	0.0	0	0.0	0	0.0	0	0.0	0	0.0	0	0.0	0	0.0	0	0	0	0	0	0	0	0	0	0	0	0	0	0	0	2	2	0	0	0	0	0	0	0	4	4	0	0	0	0	
hystrix	4	TEMPLATE_METHOD	com.netflix.hystrix.HystrixCollapser	1	2	3	1	1	3	4	20	2	0	5	0	0.4	0.5	0.43	1	6	6	0	0	0	2	0	0	0	0	0	0	0	0	4	0	0	0	0	0	0	0.0	0	0.0	0	0.0	0	0.0	0	0.0	0	0.0	0	0.0	0	0.0	0	0	0	0	0	0	0	0	0	0	0	0	0	0	0	2	0	0	0	0	0	0	0	0	4	0	0	0	0	0	
hystrix	5	TEMPLATE_METHOD	com.netflix.hystrix.HystrixCollapser	1	2	3	1	1	3	4	20	2	0	5	0	0.4	0.5	0.43	1	6	6	0	0	0	2	0	0	0	0	0	0	0	0	4	0	0	0	0	0	0	0.0	0	0.0	0	0.0	0	0.0	0	0.0	0	0.0	0	0.0	0	0.0	0	0	0	0	0	0	0	0	0	0	0	0	0	0	0	2	0	0	0	0	0	0	0	0	4	0	0	0	0	0	
hystrix	6	TEMPLATE_METHOD	com.netflix.hystrix.HystrixCollapser	1	2	3	1	1	3	4	20	2	0	5	0	0.4	0.5	0.43	1	6	6	0	0	0	2	0	0	0	0	0	0	0	0	4	0	0	0	0	0	0	0.0	0	0.0	0	0.0	0	0.0	0	0.0	0	0.0	0	0.0	0	0.0	0	0	0	0	0	0	0	0	0	0	0	0	0	0	0	2	0	0	0	0	0	0	0	0	4	0	0	0	0	0	
hystrix	7	TEMPLATE_METHOD	com.netflix.hystrix.HystrixCollapser	1	2	3	1	1	3	4	22	2	0	6	0	0.4	0.5	0.43	1	8	7	0	0	0	3	1	0	0	0	0	0	0	0	5	1	0	0	0	0	1	1.0	0	0.0	0	0.0	0	0.0	1	1.0	0	0.0	0	0.0	0	0.0	0	0	0	0	0	0	0	0	0	0	0	0	0	0	0	3	1	0	0	0	0	0	0	0	4	0	0	0	0	0	
hystrix	8	TEMPLATE_METHOD	com.netflix.hystrix.HystrixCollapser	1	2	3	1	1	3	4	22	2	0	6	0	0.4	0.5	0.43	1	8	7	0	0	0	3	0	0	0	0	0	0	0	0	5	0	0	0	0	0	0	0.0	0	0.0	0	0.0	0	0.0	0	0.0	0	0.0	0	0.0	0	0.0	0	0	0	0	0	0	0	0	0	0	0	0	0	0	0	3	0	0	0	0	0	0	0	0	4	0	0	0	0	0	
hystrix	9	TEMPLATE_METHOD	com.netflix.hystrix.HystrixCollapser	1	2	3	1	1	3	4	22	2	0	6	0	0.4	0.5	0.43	1	8	7	0	0	0	3	0	0	0	0	0	0	0	0	5	0	0	0	0	0	0	0.0	0	0.0	0	0.0	0	0.0	0	0.0	0	0.0	0	0.0	0	0.0	0	0	0	0	0	0	0	0	0	0	0	0	0	0	0	3	0	0	0	0	0	0	0	0	4	0	0	0	0	0	
hystrix	10	TEMPLATE_METHOD	com.netflix.hystrix.HystrixCollapser	1	2	3	1	1	3	4	22	2	0	7	0	0.4	0.5	0.43	1	9	7	0	0	0	3	0	0	0	0	0	0	0	0	6	1	0	0	0	0	0	0.0	1	1.0	0	0.0	0	0.0	0	0.0	1	1.0	0	0.0	0	0.0	0	0	0	0	0	0	0	0	0	0	0	0	0	0	0	3	0	0	0	0	0	0	0	0	4	0	0	0	0	0	
hystrix	11	TEMPLATE_METHOD	com.netflix.hystrix.HystrixCollapser	1	2	3	1	1	3	4	22	2	0	7	0	0.4	0.5	0.43	1	9	7	0	0	0	3	0	0	0	0	0	0	0	0	6	0	0	0	0	0	0	0.0	0	0.0	0	0.0	0	0.0	0	0.0	0	0.0	0	0.0	0	0.0	0	0	0	0	0	0	0	0	0	0	0	0	0	0	0	3	0	0	0	0	0	0	0	0	4	0	0	0	0	0	
hystrix	12	TEMPLATE_METHOD	com.netflix.hystrix.HystrixCollapser	1	2	3	1	1	3	4	22	2	0	7	0	0.4	0.5	0.43	1	9	7	0	0	0	3	0	0	0	0	0	0	0	0	6	0	0	0	0	0	0	0.0	0	0.0	0	0.0	0	0.0	0	0.0	0	0.0	0	0.0	0	0.0	0	0	0	0	0	0	0	0	0	0	0	0	0	0	0	3	0	0	0	0	0	0	0	0	4	0	0	0	0	0	
hystrix	13	TEMPLATE_METHOD	com.netflix.hystrix.HystrixCollapser	1	2	3	1	1	3	4	22	2	0	7	0	0.4	0.5	0.43	1	9	7	0	0	0	3	0	0	0	0	0	0	0	0	6	0	0	0	0	0	0	0.0	0	0.0	0	0.0	0	0.0	0	0.0	0	0.0	0	0.0	0	0.0	0	0	0	0	0	0	0	0	0	0	0	0	0	0	0	3	0	0	0	0	0	0	0	0	4	0	0	0	0	0	
hystrix	14	TEMPLATE_METHOD	com.netflix.hystrix.HystrixCollapser	1	2	3	1	1	3	4	22	2	0	7	0	0.4	0.5	0.43	1	9	7	0	0	0	3	0	0	0	0	0	0	0	0	6	0	0	0	0	0	0	0.0	0	0.0	0	0.0	0	0.0	0	0.0	0	0.0	0	0.0	0	0.0	0	0	0	0	0	0	0	0	0	0	0	0	0	0	0	3	0	0	0	0	0	0	0	0	4	0	0	0	0	0	
hystrix	0	TEMPLATE_METHOD	com.netflix.hystrix.HystrixCollapser	1	2	3	1	1	3	4	23	2	0	6	0	0.4	0.5	0.43	1	8	8	0	0	0	5	5	0	0	0	0	0	0	0	3	3	0	0	0	0	0	0.0	0	0.0	0	0.0	0	0.0	0	0.0	0	0.0	0	0.0	0	0.0	0	0	0	0	0	0	0	0	0	0	0	0	0	0	0	3	3	0	0	0	0	0	0	0	5	5	0	0	0	0	
hystrix	1	TEMPLATE_METHOD	com.netflix.hystrix.HystrixCollapser	1	2	3	1	1	3	4	23	2	0	6	0	0.4	0.5	0.43	1	8	8	0	0	0	5	0	0	0	0	0	0	0	0	3	0	0	0	0	0	0	0.0	1	1.0	0	0.0	0	0.0	0	0.0	1	1.0	0	0.0	0	0.0	0	0	0	0	0	0	0	0	0	0	0	0	0	0	0	3	0	0	0	0	0	0	0	0	5	0	0	0	0	0	
hystrix	2	TEMPLATE_METHOD	com.netflix.hystrix.HystrixCollapser	1	2	3	1	1	3	4	23	2	0	6	0	0.4	0.5	0.43	1	8	8	0	0	0	5	0	0	0	0	0	0	0	0	3	0	0	0	0	0	0	0.0	0	0.0	0	0.0	0	0.0	0	0.0	0	0.0	0	0.0	0	0.0	0	0	0	0	0	0	0	0	0	0	0	0	0	0	0	3	0	0	0	0	0	0	0	0	5	0	0	0	0	0	
hystrix	3	TEMPLATE_METHOD	com.netflix.hystrix.HystrixCommand	1	2	3	1	1	3	4	96	2	0	26	0	0.4	0.5	0.43	1	34	149	0	0	0	14	14	0	0	0	0	0	0	0	20	20	0	0	0	0	0	0.0	0	0.0	0	0.0	0	0.0	0	0.0	0	0.0	0	0.0	0	0.0	0	0	0	0	0	0	0	0	0	0	0	0	0	0	0	50	50	0	0	0	0	0	0	0	99	99	0	0	0	0	
hystrix	4	TEMPLATE_METHOD	com.netflix.hystrix.HystrixCommand	1	2	3	1	1	3	4	96	2	0	26	0	0.4	0.5	0.43	1	34	111	0	0	0	14	0	0	0	0	0	0	0	0	20	0	0	0	0	0	0	0.0	1	1.0	0	0.0	0	0.0	0	0.0	1	1.0	0	0.0	0	0.0	0	0	0	0	0	0	0	0	0	0	0	0	0	0	0	12	0	38	0	0	0	0	0	0	99	0	0	0	0	0	
hystrix	5	TEMPLATE_METHOD	com.netflix.hystrix.HystrixCommand	1	2	3	1	1	3	4	98	2	0	26	0	0.4	0.5	0.43	1	34	161	0	0	0	14	0	0	0	0	0	0	0	0	20	0	0	0	0	0	1	1.0	0	0.0	0	0.0	0	0.0	1	1.0	0	0.0	0	0.0	0	0.0	0	0	0	0	0	0	0	0	0	0	0	0	0	0	0	46	34	0	0	0	0	0	0	0	115	15	0	0	0	0	
hystrix	6	TEMPLATE_METHOD	com.netflix.hystrix.HystrixCommand	1	2	3	1	1	3	4	98	2	0	26	0	0.4	0.5	0.43	1	34	142	0	0	0	14	0	0	0	0	0	0	0	0	20	0	0	0	0	0	0	0.0	1	1.0	0	0.0	0	0.0	0	0.0	1	1.0	0	0.0	0	0.0	0	0	0	0	0	0	0	0	0	0	0	0	0	0	0	27	0	0	0	0	0	0	0	0	115	0	0	0	0	0	
hystrix	0	TEMPLATE_METHOD	com.netflix.hystrix.HystrixCommand	1	2	3	1	1	3	4	67	2	0	24	0	0.4	0.5	0.43	1	31	20	0	0	0	12	12	0	0	0	0	0	0	0	19	19	0	0	0	0	0	0.0	0	0.0	0	0.0	0	0.0	0	0.0	0	0.0	0	0.0	0	0.0	0	0	0	0	0	0	0	0	0	0	0	0	0	0	0	15	15	0	0	0	0	0	0	0	5	5	0	0	0	0	
hystrix	1	TEMPLATE_METHOD	com.netflix.hystrix.HystrixCommand	1	2	3	1	1	3	4	69	2	0	24	0	0.4	0.5	0.43	1	31	24	0	0	0	12	0	0	0	0	0	0	0	0	19	0	0	0	0	0	1	1.0	0	0.0	0	0.0	0	0.0	1	1.0	0	0.0	0	0.0	0	0.0	0	0	0	0	0	0	0	0	0	0	0	0	0	0	0	19	0	0	0	0	0	0	0	0	5	0	0	0	0	0	
hystrix	2	TEMPLATE_METHOD	com.netflix.hystrix.HystrixCommand	1	2	3	1	1	3	4	87	2	0	26	0	0.4	0.5	0.43	1	33	128	0	0	0	13	1	0	0	0	0	0	0	0	20	1	0	0	0	0	1	1.0	1	1.0	0	0.0	0	0.0	1	1.0	1	1.0	0	0.0	0	0.0	0	0	0	0	0	0	0	0	0	0	0	0	0	0	0	35	4	0	0	0	0	0	0	0	93	88	0	0	0	0	
hystrix	3	SINGLETON	com.netflix.hystrix.strategy.concurrency.HystrixConcurrencyStrategyDefault	1	2	4	1	0	3	4	2	5	0	1	1	0.33	1	0.43	1	2	0	0	0	0	0	0	0	1	1	0	0	0	0	1	1	0	0	0	0	0	0.0	0	0.0	0	0.0	0	0.0	0	0.0	0	0.0	0	0.0	0	0.0	0	0	0	0	0	0	0	0	0	0	0	0	0	0	0	0	0	0	0	0	0	0	0	0	0	0	0	0	0	0	
hystrix	4	SINGLETON	com.netflix.hystrix.strategy.concurrency.HystrixConcurrencyStrategyDefault	1	2	4	1	0	3	4	2	5	0	1	1	0.33	1	0.43	1	2	0	0	0	0	0	0	0	1	0	0	0	0	0	1	0	0	0	0	0	0	0.0	0	0.0	0	0.0	0	0.0	0	0.0	0	0.0	0	0.0	0	0.0	0	0	0	0	0	0	0	0	0	0	0	0	0	0	0	0	0	0	0	0	0	0	0	0	0	0	0	0	0	0	
hystrix	5	SINGLETON	com.netflix.hystrix.strategy.concurrency.HystrixConcurrencyStrategyDefault	1	2	4	1	0	3	4	2	5	0	1	1	0.33	1	0.43	1	2	0	0	0	0	0	0	0	1	0	0	0	0	0	1	0	0	0	0	0	0	0.0	0	0.0	0	0.0	0	0.0	0	0.0	0	0.0	0	0.0	0	0.0	0	0	0	0	0	0	0	0	0	0	0	0	0	0	0	0	0	0	0	0	0	0	0	0	0	0	0	0	0	0	
hystrix	6	SINGLETON	com.netflix.hystrix.strategy.concurrency.HystrixConcurrencyStrategyDefault	1	2	4	1	0	3	4	2	5	0	1	1	0.33	1	0.43	1	2	0	0	0	0	0	0	0	1	0	0	0	0	0	1	0	0	0	0	0	0	0.0	0	0.0	0	0.0	0	0.0	0	0.0	0	0.0	0	0.0	0	0.0	0	0	0	0	0	0	0	0	0	0	0	0	0	0	0	0	0	0	0	0	0	0	0	0	0	0	0	0	0	0	
hystrix	7	SINGLETON	com.netflix.hystrix.strategy.concurrency.HystrixConcurrencyStrategyDefault	1	2	4	1	0	3	4	2	5	0	1	1	0.33	1	0.43	1	2	0	0	0	0	0	0	0	1	0	0	0	0	0	1	0	0	0	0	0	0	0.0	0	0.0	0	0.0	0	0.0	0	0.0	0	0.0	0	0.0	0	0.0	0	0	0	0	0	0	0	0	0	0	0	0	0	0	0	0	0	0	0	0	0	0	0	0	0	0	0	0	0	0	
hystrix	8	SINGLETON	com.netflix.hystrix.strategy.concurrency.HystrixConcurrencyStrategyDefault	1	2	4	1	0	3	4	2	5	0	1	1	0.33	1	0.43	1	2	0	0	0	0	0	0	0	1	0	0	0	0	0	1	0	0	0	0	0	0	0.0	0	0.0	0	0.0	0	0.0	0	0.0	0	0.0	0	0.0	0	0.0	0	0	0	0	0	0	0	0	0	0	0	0	0	0	0	0	0	0	0	0	0	0	0	0	0	0	0	0	0	0	
hystrix	9	SINGLETON	com.netflix.hystrix.strategy.concurrency.HystrixConcurrencyStrategyDefault	1	2	4	1	0	3	4	2	5	0	1	1	0.33	1	0.43	1	2	0	0	0	0	0	0	0	1	0	0	0	0	0	1	0	0	0	0	0	0	0.0	0	0.0	0	0.0	0	0.0	0	0.0	0	0.0	0	0.0	0	0.0	0	0	0	0	0	0	0	0	0	0	0	0	0	0	0	0	0	0	0	0	0	0	0	0	0	0	0	0	0	0	
hystrix	10	SINGLETON	com.netflix.hystrix.strategy.concurrency.HystrixConcurrencyStrategyDefault	1	2	4	1	0	3	4	2	5	0	1	1	0.33	1	0.43	1	2	0	0	0	0	0	0	0	1	0	0	0	0	0	1	0	0	0	0	0	0	0.0	0	0.0	0	0.0	0	0.0	0	0.0	0	0.0	0	0.0	0	0.0	0	0	0	0	0	0	0	0	0	0	0	0	0	0	0	0	0	0	0	0	0	0	0	0	0	0	0	0	0	0	
hystrix	11	SINGLETON	com.netflix.hystrix.strategy.concurrency.HystrixConcurrencyStrategyDefault	1	2	4	1	0	3	4	2	5	0	1	1	0.33	1	0.43	1	2	0	0	0	0	0	0	0	1	0	0	0	0	0	1	0	0	0	0	0	0	0.0	0	0.0	0	0.0	0	0.0	0	0.0	0	0.0	0	0.0	0	0.0	0	0	0	0	0	0	0	0	0	0	0	0	0	0	0	0	0	0	0	0	0	0	0	0	0	0	0	0	0	0	
hystrix	12	SINGLETON	com.netflix.hystrix.strategy.concurrency.HystrixConcurrencyStrategyDefault	1	2	4	1	0	3	4	2	5	0	1	1	0.33	1	0.43	1	2	0	0	0	0	0	0	0	1	0	0	0	0	0	1	0	0	0	0	0	0	0.0	0	0.0	0	0.0	0	0.0	0	0.0	0	0.0	0	0.0	0	0.0	0	0	0	0	0	0	0	0	0	0	0	0	0	0	0	0	0	0	0	0	0	0	0	0	0	0	0	0	0	0	
hystrix	13	SINGLETON	com.netflix.hystrix.strategy.concurrency.HystrixConcurrencyStrategyDefault	1	2	4	1	0	3	4	2	5	0	1	1	0.33	1	0.43	1	2	0	0	0	0	0	0	0	1	0	0	0	0	0	1	0	0	0	0	0	0	0.0	0	0.0	0	0.0	0	0.0	0	0.0	0	0.0	0	0.0	0	0.0	0	0	0	0	0	0	0	0	0	0	0	0	0	0	0	0	0	0	0	0	0	0	0	0	0	0	0	0	0	0	
hystrix	14	SINGLETON	com.netflix.hystrix.strategy.concurrency.HystrixConcurrencyStrategyDefault	1	2	4	1	0	3	4	2	5	0	1	1	0.33	1	0.43	1	2	0	0	0	0	0	0	0	1	0	0	0	0	0	1	0	0	0	0	0	0	0.0	0	0.0	0	0.0	0	0.0	0	0.0	0	0.0	0	0.0	0	0.0	0	0	0	0	0	0	0	0	0	0	0	0	0	0	0	0	0	0	0	0	0	0	0	0	0	0	0	0	0	0	
hystrix	15	SINGLETON	com.netflix.hystrix.strategy.concurrency.HystrixConcurrencyStrategyDefault	1	2	4	1	0	3	4	2	5	0	1	1	0.33	1	0.43	1	2	0	0	0	0	0	0	0	1	0	0	0	0	0	1	0	0	0	0	0	0	0.0	0	0.0	0	0.0	0	0.0	0	0.0	0	0.0	0	0.0	0	0.0	0	0	0	0	0	0	0	0	0	0	0	0	0	0	0	0	0	0	0	0	0	0	0	0	0	0	0	0	0	0	
hystrix	16	SINGLETON	com.netflix.hystrix.strategy.concurrency.HystrixConcurrencyStrategyDefault	1	2	4	1	0	3	4	3	5	0	1	1	0.33	1	0.43	1	2	0	0	0	0	0	0	0	1	0	0	0	0	0	1	0	0	0	0	0	0	0.0	0	0.0	0	0.0	0	0.0	0	0.0	0	0.0	0	0.0	0	0.0	0	0	0	0	0	0	0	0	0	0	0	0	0	0	0	0	0	0	0	0	0	0	0	0	0	0	0	0	0	0	
hystrix	17	SINGLETON	com.netflix.hystrix.strategy.concurrency.HystrixConcurrencyStrategyDefault	1	2	4	1	0	3	4	3	5	0	1	1	0.33	1	0.43	1	2	0	0	0	0	0	0	0	1	0	0	0	0	0	1	0	0	0	0	0	0	0.0	0	0.0	0	0.0	0	0.0	0	0.0	0	0.0	0	0.0	0	0.0	0	0	0	0	0	0	0	0	0	0	0	0	0	0	0	0	0	0	0	0	0	0	0	0	0	0	0	0	0	0	
hystrix	18	SINGLETON	com.netflix.hystrix.strategy.concurrency.HystrixConcurrencyStrategyDefault	1	2	4	1	0	3	4	3	5	0	1	1	0.33	1	0.43	1	2	0	0	0	0	0	0	0	1	0	0	0	0	0	1	0	0	0	0	0	0	0.0	0	0.0	0	0.0	0	0.0	0	0.0	0	0.0	0	0.0	0	0.0	0	0	0	0	0	0	0	0	0	0	0	0	0	0	0	0	0	0	0	0	0	0	0	0	0	0	0	0	0	0	
hystrix	19	SINGLETON	com.netflix.hystrix.strategy.concurrency.HystrixConcurrencyStrategyDefault	1	2	4	1	0	3	4	3	5	0	1	1	0.33	1	0.43	1	2	0	0	0	0	0	0	0	1	0	0	0	0	0	1	0	0	0	0	0	0	0.0	0	0.0	0	0.0	0	0.0	0	0.0	0	0.0	0	0.0	0	0.0	0	0	0	0	0	0	0	0	0	0	0	0	0	0	0	0	0	0	0	0	0	0	0	0	0	0	0	0	0	0	
hystrix	0	SINGLETON	com.netflix.hystrix.strategy.concurrency.HystrixConcurrencyStrategyDefault	1	2	4	1	0	3	4	2	5	0	1	1	0.33	1	0.43	1	2	0	0	0	0	0	0	0	1	0	0	0	0	0	1	0	0	0	0	0	1	1.0	0	0.0	0	0.0	0	0.0	1	1.0	0	0.0	0	0.0	0	0.0	0	0	0	0	0	0	0	0	0	0	0	0	0	0	0	0	0	0	0	0	0	0	0	0	0	0	0	0	0	0	
hystrix	1	SINGLETON	com.netflix.hystrix.strategy.concurrency.HystrixConcurrencyStrategyDefault	1	2	4	1	0	3	4	2	5	0	1	1	0.33	1	0.43	1	2	0	0	0	0	0	0	0	1	0	0	0	0	0	1	0	0	0	0	0	0	0.0	0	0.0	0	0.0	0	0.0	0	0.0	0	0.0	0	0.0	0	0.0	0	0	0	0	0	0	0	0	0	0	0	0	0	0	0	0	0	0	0	0	0	0	0	0	0	0	0	0	0	0	
hystrix	2	SINGLETON	com.netflix.hystrix.strategy.concurrency.HystrixConcurrencyStrategyDefault	1	2	4	1	0	3	4	2	5	0	1	1	0.33	1	0.43	1	2	0	0	0	0	0	0	0	1	0	0	0	0	0	1	0	0	0	0	0	0	0.0	0	0.0	0	0.0	0	0.0	0	0.0	0	0.0	0	0.0	0	0.0	0	0	0	0	0	0	0	0	0	0	0	0	0	0	0	0	0	0	0	0	0	0	0	0	0	0	0	0	0	0	
hystrix	3	SINGLETON	com.netflix.hystrix.strategy.eventnotifier.HystrixEventNotifierDefault	1	2	4	1	0	3	4	2	5	0	1	1	0.33	1	0.43	1	2	0	0	0	0	0	0	0	1	1	0	0	0	0	1	1	0	0	0	0	0	0.0	0	0.0	0	0.0	0	0.0	0	0.0	0	0.0	0	0.0	0	0.0	0	0	0	0	0	0	0	0	0	0	0	0	0	0	0	0	0	0	0	0	0	0	0	0	0	0	0	0	0	0	
hystrix	4	SINGLETON	com.netflix.hystrix.strategy.eventnotifier.HystrixEventNotifierDefault	1	2	4	1	0	3	4	2	5	0	1	1	0.33	1	0.43	1	2	0	0	0	0	0	0	0	1	0	0	0	0	0	1	0	0	0	0	0	0	0.0	0	0.0	0	0.0	0	0.0	0	0.0	0	0.0	0	0.0	0	0.0	0	0	0	0	0	0	0	0	0	0	0	0	0	0	0	0	0	0	0	0	0	0	0	0	0	0	0	0	0	0	
hystrix	5	SINGLETON	com.netflix.hystrix.strategy.eventnotifier.HystrixEventNotifierDefault	1	2	4	1	0	3	4	2	5	0	1	1	0.33	1	0.43	1	2	0	0	0	0	0	0	0	1	0	0	0	0	0	1	0	0	0	0	0	0	0.0	0	0.0	0	0.0	0	0.0	0	0.0	0	0.0	0	0.0	0	0.0	0	0	0	0	0	0	0	0	0	0	0	0	0	0	0	0	0	0	0	0	0	0	0	0	0	0	0	0	0	0	
hystrix	6	SINGLETON	com.netflix.hystrix.strategy.eventnotifier.HystrixEventNotifierDefault	1	2	4	1	0	3	4	2	5	0	1	1	0.33	1	0.43	1	2	0	0	0	0	0	0	0	1	0	0	0	0	0	1	0	0	0	0	0	0	0.0	0	0.0	0	0.0	0	0.0	0	0.0	0	0.0	0	0.0	0	0.0	0	0	0	0	0	0	0	0	0	0	0	0	0	0	0	0	0	0	0	0	0	0	0	0	0	0	0	0	0	0	
hystrix	7	SINGLETON	com.netflix.hystrix.strategy.eventnotifier.HystrixEventNotifierDefault	1	2	4	1	0	3	4	2	5	0	1	1	0.33	1	0.43	1	2	0	0	0	0	0	0	0	1	0	0	0	0	0	1	0	0	0	0	0	0	0.0	0	0.0	0	0.0	0	0.0	0	0.0	0	0.0	0	0.0	0	0.0	0	0	0	0	0	0	0	0	0	0	0	0	0	0	0	0	0	0	0	0	0	0	0	0	0	0	0	0	0	0	
hystrix	8	SINGLETON	com.netflix.hystrix.strategy.eventnotifier.HystrixEventNotifierDefault	1	2	4	1	0	3	4	2	5	0	1	1	0.33	1	0.43	1	2	0	0	0	0	0	0	0	1	0	0	0	0	0	1	0	0	0	0	0	0	0.0	0	0.0	0	0.0	0	0.0	0	0.0	0	0.0	0	0.0	0	0.0	0	0	0	0	0	0	0	0	0	0	0	0	0	0	0	0	0	0	0	0	0	0	0	0	0	0	0	0	0	0	
hystrix	9	SINGLETON	com.netflix.hystrix.strategy.eventnotifier.HystrixEventNotifierDefault	1	2	4	1	0	3	4	2	5	0	1	1	0.33	1	0.43	1	2	0	0	0	0	0	0	0	1	0	0	0	0	0	1	0	0	0	0	0	0	0.0	0	0.0	0	0.0	0	0.0	0	0.0	0	0.0	0	0.0	0	0.0	0	0	0	0	0	0	0	0	0	0	0	0	0	0	0	0	0	0	0	0	0	0	0	0	0	0	0	0	0	0	
hystrix	10	SINGLETON	com.netflix.hystrix.strategy.eventnotifier.HystrixEventNotifierDefault	1	2	4	1	0	3	4	2	5	0	1	1	0.33	1	0.43	1	2	0	0	0	0	0	0	0	1	0	0	0	0	0	1	0	0	0	0	0	0	0.0	0	0.0	0	0.0	0	0.0	0	0.0	0	0.0	0	0.0	0	0.0	0	0	0	0	0	0	0	0	0	0	0	0	0	0	0	0	0	0	0	0	0	0	0	0	0	0	0	0	0	0	
hystrix	11	SINGLETON	com.netflix.hystrix.strategy.eventnotifier.HystrixEventNotifierDefault	1	2	4	1	0	3	4	2	5	0	1	1	0.33	1	0.43	1	2	0	0	0	0	0	0	0	1	0	0	0	0	0	1	0	0	0	0	0	0	0.0	0	0.0	0	0.0	0	0.0	0	0.0	0	0.0	0	0.0	0	0.0	0	0	0	0	0	0	0	0	0	0	0	0	0	0	0	0	0	0	0	0	0	0	0	0	0	0	0	0	0	0	
hystrix	12	SINGLETON	com.netflix.hystrix.strategy.eventnotifier.HystrixEventNotifierDefault	1	2	4	1	0	3	4	2	5	0	1	1	0.33	1	0.43	1	2	0	0	0	0	0	0	0	1	0	0	0	0	0	1	0	0	0	0	0	0	0.0	0	0.0	0	0.0	0	0.0	0	0.0	0	0.0	0	0.0	0	0.0	0	0	0	0	0	0	0	0	0	0	0	0	0	0	0	0	0	0	0	0	0	0	0	0	0	0	0	0	0	0	
hystrix	13	SINGLETON	com.netflix.hystrix.strategy.eventnotifier.HystrixEventNotifierDefault	1	2	4	1	0	3	4	2	5	0	1	1	0.33	1	0.43	1	2	0	0	0	0	0	0	0	1	0	0	0	0	0	1	0	0	0	0	0	0	0.0	0	0.0	0	0.0	0	0.0	0	0.0	0	0.0	0	0.0	0	0.0	0	0	0	0	0	0	0	0	0	0	0	0	0	0	0	0	0	0	0	0	0	0	0	0	0	0	0	0	0	0	
hystrix	14	SINGLETON	com.netflix.hystrix.strategy.eventnotifier.HystrixEventNotifierDefault	1	2	4	1	0	3	4	2	5	0	1	1	0.33	1	0.43	1	2	0	0	0	0	0	0	0	1	0	0	0	0	0	1	0	0	0	0	0	0	0.0	0	0.0	0	0.0	0	0.0	0	0.0	0	0.0	0	0.0	0	0.0	0	0	0	0	0	0	0	0	0	0	0	0	0	0	0	0	0	0	0	0	0	0	0	0	0	0	0	0	0	0	
hystrix	15	SINGLETON	com.netflix.hystrix.strategy.eventnotifier.HystrixEventNotifierDefault	1	2	4	1	0	3	4	2	5	0	1	1	0.33	1	0.43	1	2	0	0	0	0	0	0	0	1	0	0	0	0	0	1	0	0	0	0	0	0	0.0	0	0.0	0	0.0	0	0.0	0	0.0	0	0.0	0	0.0	0	0.0	0	0	0	0	0	0	0	0	0	0	0	0	0	0	0	0	0	0	0	0	0	0	0	0	0	0	0	0	0	0	
hystrix	16	SINGLETON	com.netflix.hystrix.strategy.eventnotifier.HystrixEventNotifierDefault	1	2	4	1	0	3	4	2	5	0	1	1	0.33	1	0.43	1	2	0	0	0	0	0	0	0	1	0	0	0	0	0	1	0	0	0	0	0	0	0.0	0	0.0	0	0.0	0	0.0	0	0.0	0	0.0	0	0.0	0	0.0	0	0	0	0	0	0	0	0	0	0	0	0	0	0	0	0	0	0	0	0	0	0	0	0	0	0	0	0	0	0	
hystrix	17	SINGLETON	com.netflix.hystrix.strategy.eventnotifier.HystrixEventNotifierDefault	1	2	4	1	0	3	4	2	5	0	1	1	0.33	1	0.43	1	2	0	0	0	0	0	0	0	1	0	0	0	0	0	1	0	0	0	0	0	0	0.0	0	0.0	0	0.0	0	0.0	0	0.0	0	0.0	0	0.0	0	0.0	0	0	0	0	0	0	0	0	0	0	0	0	0	0	0	0	0	0	0	0	0	0	0	0	0	0	0	0	0	0	
hystrix	18	SINGLETON	com.netflix.hystrix.strategy.eventnotifier.HystrixEventNotifierDefault	1	2	4	1	0	3	4	2	5	0	1	1	0.33	1	0.43	1	2	0	0	0	0	0	0	0	1	0	0	0	0	0	1	0	0	0	0	0	0	0.0	0	0.0	0	0.0	0	0.0	0	0.0	0	0.0	0	0.0	0	0.0	0	0	0	0	0	0	0	0	0	0	0	0	0	0	0	0	0	0	0	0	0	0	0	0	0	0	0	0	0	0	
hystrix	19	SINGLETON	com.netflix.hystrix.strategy.eventnotifier.HystrixEventNotifierDefault	1	2	4	1	0	3	4	2	5	0	1	1	0.33	1	0.43	1	2	0	0	0	0	0	0	0	1	0	0	0	0	0	1	0	0	0	0	0	0	0.0	0	0.0	0	0.0	0	0.0	0	0.0	0	0.0	0	0.0	0	0.0	0	0	0	0	0	0	0	0	0	0	0	0	0	0	0	0	0	0	0	0	0	0	0	0	0	0	0	0	0	0	
hystrix	0	SINGLETON	com.netflix.hystrix.strategy.eventnotifier.HystrixEventNotifierDefault	1	2	4	1	0	3	4	2	5	0	1	1	0.33	1	0.43	1	2	0	0	0	0	0	0	0	1	0	0	0	0	0	1	0	0	0	0	0	0	0.0	0	0.0	0	0.0	0	0.0	0	0.0	0	0.0	0	0.0	0	0.0	0	0	0	0	0	0	0	0	0	0	0	0	0	0	0	0	0	0	0	0	0	0	0	0	0	0	0	0	0	0	
hystrix	1	SINGLETON	com.netflix.hystrix.strategy.eventnotifier.HystrixEventNotifierDefault	1	2	4	1	0	3	4	2	5	0	1	1	0.33	1	0.43	1	2	0	0	0	0	0	0	0	1	0	0	0	0	0	1	0	0	0	0	0	0	0.0	0	0.0	0	0.0	0	0.0	0	0.0	0	0.0	0	0.0	0	0.0	0	0	0	0	0	0	0	0	0	0	0	0	0	0	0	0	0	0	0	0	0	0	0	0	0	0	0	0	0	0	
hystrix	2	SINGLETON	com.netflix.hystrix.strategy.eventnotifier.HystrixEventNotifierDefault	1	2	4	1	0	3	4	2	5	0	1	1	0.33	1	0.43	1	2	0	0	0	0	0	0	0	1	0	0	0	0	0	1	0	0	0	0	0	0	0.0	0	0.0	0	0.0	0	0.0	0	0.0	0	0.0	0	0.0	0	0.0	0	0	0	0	0	0	0	0	0	0	0	0	0	0	0	0	0	0	0	0	0	0	0	0	0	0	0	0	0	0	
hystrix	3	SINGLETON	com.netflix.hystrix.strategy.HystrixPlugins	1	2	4	1	0	3	4	18	5	0	11	1	0.33	1	0.43	1	18	20	0	0	0	5	5	0	1	1	0	0	0	0	11	11	0	1	1	0	0	0.0	0	0.0	0	0.0	0	0.0	0	0.0	0	0.0	0	0.0	0	0.0	0	0	0	0	0	0	0	0	0	0	0	0	0	0	0	20	20	0	0	0	0	0	0	0	0	0	0	0	0	0	
hystrix	4	SINGLETON	com.netflix.hystrix.strategy.HystrixPlugins	1	2	4	1	0	3	4	18	5	0	11	1	0.33	1	0.43	1	18	20	0	0	0	5	0	0	1	0	0	0	0	0	11	0	0	1	0	0	0	0.0	0	0.0	0	0.0	0	0.0	0	0.0	0	0.0	0	0.0	0	0.0	0	0	0	0	0	0	0	0	0	0	0	0	0	0	0	20	0	0	0	0	0	0	0	0	0	0	0	0	0	0	
hystrix	5	SINGLETON	com.netflix.hystrix.strategy.HystrixPlugins	1	2	4	1	0	3	4	18	5	0	11	1	0.33	1	0.43	1	18	20	0	0	0	5	0	0	1	0	0	0	0	0	11	0	0	1	0	0	0	0.0	0	0.0	0	0.0	0	0.0	0	0.0	0	0.0	0	0.0	0	0.0	0	0	0	0	0	0	0	0	0	0	0	0	0	0	0	20	0	0	0	0	0	0	0	0	0	0	0	0	0	0	
hystrix	6	SINGLETON	com.netflix.hystrix.strategy.HystrixPlugins	1	2	4	1	0	3	4	18	5	0	11	1	0.33	1	0.43	1	18	20	0	0	0	5	0	0	1	0	0	0	0	0	11	0	0	1	0	0	0	0.0	0	0.0	0	0.0	0	0.0	0	0.0	0	0.0	0	0.0	0	0.0	0	0	0	0	0	0	0	0	0	0	0	0	0	0	0	20	0	0	0	0	0	0	0	0	0	0	0	0	0	0	
hystrix	7	SINGLETON	com.netflix.hystrix.strategy.HystrixPlugins	1	2	4	1	0	3	4	19	5	0	11	1	0.33	1	0.43	1	18	24	0	0	0	5	0	0	1	0	0	0	0	0	11	0	0	1	0	0	1	1.0	0	0.0	0	0.0	0	0.0	1	1.0	0	0.0	0	0.0	0	0.0	0	0	0	0	0	0	0	0	0	0	0	0	0	0	0	20	0	0	0	0	0	0	0	0	0	0	0	4	4	0	
hystrix	8	SINGLETON	com.netflix.hystrix.strategy.HystrixPlugins	1	2	4	1	0	3	4	19	5	0	11	1	0.33	1	0.43	1	18	24	0	0	0	5	0	0	1	0	0	0	0	0	11	0	0	1	0	0	0	0.0	1	1.0	0	0.0	0	0.0	0	0.0	1	1.0	0	0.0	0	0.0	0	0	0	0	0	0	0	0	0	0	0	0	0	0	0	20	0	0	0	0	0	0	0	0	0	0	0	4	0	0	
hystrix	9	SINGLETON	com.netflix.hystrix.strategy.HystrixPlugins	1	2	4	1	0	3	4	19	5	0	11	1	0.33	1	0.43	1	18	24	0	0	0	5	0	0	1	0	0	0	0	0	11	0	0	1	0	0	0	0.0	0	0.0	0	0.0	0	0.0	0	0.0	0	0.0	0	0.0	0	0.0	0	0	0	0	0	0	0	0	0	0	0	0	0	0	0	20	0	0	0	0	0	0	0	0	0	0	0	4	0	0	
hystrix	10	SINGLETON	com.netflix.hystrix.strategy.HystrixPlugins	1	2	4	1	0	3	4	19	5	0	11	1	0.33	1	0.43	1	18	24	0	0	0	5	0	0	1	0	0	0	0	0	11	0	0	1	0	0	0	0.0	0	0.0	0	0.0	0	0.0	0	0.0	0	0.0	0	0.0	0	0.0	0	0	0	0	0	0	0	0	0	0	0	0	0	0	0	20	0	0	0	0	0	0	0	0	0	0	0	4	0	0	
hystrix	11	SINGLETON	com.netflix.hystrix.strategy.HystrixPlugins	1	2	4	1	0	3	4	19	5	0	11	1	0.33	1	0.43	1	18	24	0	0	0	5	0	0	1	0	0	0	0	0	11	0	0	1	0	0	0	0.0	0	0.0	0	0.0	0	0.0	0	0.0	0	0.0	0	0.0	0	0.0	0	0	0	0	0	0	0	0	0	0	0	0	0	0	0	20	0	0	0	0	0	0	0	0	0	0	0	4	0	0	
hystrix	12	SINGLETON	com.netflix.hystrix.strategy.HystrixPlugins	1	2	4	1	0	3	4	19	5	0	11	1	0.33	1	0.43	1	18	24	0	0	0	5	0	0	1	0	0	0	0	0	11	0	0	1	0	0	0	0.0	0	0.0	0	0.0	0	0.0	0	0.0	0	0.0	0	0.0	0	0.0	0	0	0	0	0	0	0	0	0	0	0	0	0	0	0	20	0	0	0	0	0	0	0	0	0	0	0	4	0	0	
hystrix	0	SINGLETON	com.netflix.hystrix.strategy.HystrixPlugins	1	2	4	1	0	3	4	15	5	0	4	1	0.33	1	0.43	1	10	0	0	0	0	4	4	0	1	1	0	0	0	0	4	4	0	1	1	0	0	0.0	0	0.0	0	0.0	0	0.0	0	0.0	0	0.0	0	0.0	0	0.0	0	0	0	0	0	0	0	0	0	0	0	0	0	0	0	0	0	0	0	0	0	0	0	0	0	0	0	0	0	0	
hystrix	1	SINGLETON	com.netflix.hystrix.strategy.HystrixPlugins	1	2	4	1	0	3	4	14	5	0	4	1	0.33	1	0.43	1	10	0	0	0	0	4	0	0	1	0	0	0	0	0	4	0	0	1	0	0	0	0.0	0	0.0	0	0.0	0	0.0	0	0.0	0	0.0	0	0.0	0	0.0	0	0	0	0	0	0	0	0	0	0	0	0	0	0	0	0	0	0	0	0	0	0	0	0	0	0	0	0	0	0	
hystrix	2	SINGLETON	com.netflix.hystrix.strategy.HystrixPlugins	1	2	4	1	0	3	4	18	5	0	11	1	0.33	1	0.43	1	18	20	0	0	0	5	1	0	1	0	0	0	0	0	11	7	0	1	0	0	1	1.0	1	1.0	0	0.0	0	0.0	1	1.0	1	1.0	0	0.0	0	0.0	0	0	0	0	0	0	0	0	0	0	0	0	0	0	0	20	20	0	0	0	0	0	0	0	0	0	0	0	0	0	
hystrix	3	SINGLETON	com.netflix.hystrix.strategy.metrics.HystrixMetricsPublisherDefault	1	2	4	1	0	3	4	2	5	0	1	1	0.33	1	0.43	1	2	0	0	0	0	0	0	0	1	1	0	0	0	0	1	1	0	0	0	0	0	0.0	0	0.0	0	0.0	0	0.0	0	0.0	0	0.0	0	0.0	0	0.0	0	0	0	0	0	0	0	0	0	0	0	0	0	0	0	0	0	0	0	0	0	0	0	0	0	0	0	0	0	0	
hystrix	4	SINGLETON	com.netflix.hystrix.strategy.metrics.HystrixMetricsPublisherDefault	1	2	4	1	0	3	4	2	5	0	1	1	0.33	1	0.43	1	2	0	0	0	0	0	0	0	1	0	0	0	0	0	1	0	0	0	0	0	0	0.0	0	0.0	0	0.0	0	0.0	0	0.0	0	0.0	0	0.0	0	0.0	0	0	0	0	0	0	0	0	0	0	0	0	0	0	0	0	0	0	0	0	0	0	0	0	0	0	0	0	0	0	
hystrix	5	SINGLETON	com.netflix.hystrix.strategy.metrics.HystrixMetricsPublisherDefault	1	2	4	1	0	3	4	2	5	0	1	1	0.33	1	0.43	1	2	0	0	0	0	0	0	0	1	0	0	0	0	0	1	0	0	0	0	0	0	0.0	0	0.0	0	0.0	0	0.0	0	0.0	0	0.0	0	0.0	0	0.0	0	0	0	0	0	0	0	0	0	0	0	0	0	0	0	0	0	0	0	0	0	0	0	0	0	0	0	0	0	0	
hystrix	6	SINGLETON	com.netflix.hystrix.strategy.metrics.HystrixMetricsPublisherDefault	1	2	4	1	0	3	4	2	5	0	1	1	0.33	1	0.43	1	2	0	0	0	0	0	0	0	1	0	0	0	0	0	1	0	0	0	0	0	0	0.0	0	0.0	0	0.0	0	0.0	0	0.0	0	0.0	0	0.0	0	0.0	0	0	0	0	0	0	0	0	0	0	0	0	0	0	0	0	0	0	0	0	0	0	0	0	0	0	0	0	0	0	
hystrix	7	SINGLETON	com.netflix.hystrix.strategy.metrics.HystrixMetricsPublisherDefault	1	2	4	1	0	3	4	2	5	0	1	1	0.33	1	0.43	1	2	0	0	0	0	0	0	0	1	0	0	0	0	0	1	0	0	0	0	0	0	0.0	0	0.0	0	0.0	0	0.0	0	0.0	0	0.0	0	0.0	0	0.0	0	0	0	0	0	0	0	0	0	0	0	0	0	0	0	0	0	0	0	0	0	0	0	0	0	0	0	0	0	0	
hystrix	8	SINGLETON	com.netflix.hystrix.strategy.metrics.HystrixMetricsPublisherDefault	1	2	4	1	0	3	4	2	5	0	1	1	0.33	1	0.43	1	2	0	0	0	0	0	0	0	1	0	0	0	0	0	1	0	0	0	0	0	0	0.0	0	0.0	0	0.0	0	0.0	0	0.0	0	0.0	0	0.0	0	0.0	0	0	0	0	0	0	0	0	0	0	0	0	0	0	0	0	0	0	0	0	0	0	0	0	0	0	0	0	0	0	
hystrix	9	SINGLETON	com.netflix.hystrix.strategy.metrics.HystrixMetricsPublisherDefault	1	2	4	1	0	3	4	2	5	0	1	1	0.33	1	0.43	1	2	0	0	0	0	0	0	0	1	0	0	0	0	0	1	0	0	0	0	0	0	0.0	0	0.0	0	0.0	0	0.0	0	0.0	0	0.0	0	0.0	0	0.0	0	0	0	0	0	0	0	0	0	0	0	0	0	0	0	0	0	0	0	0	0	0	0	0	0	0	0	0	0	0	
hystrix	10	SINGLETON	com.netflix.hystrix.strategy.metrics.HystrixMetricsPublisherDefault	1	2	4	1	0	3	4	2	5	0	1	1	0.33	1	0.43	1	2	0	0	0	0	0	0	0	1	0	0	0	0	0	1	0	0	0	0	0	0	0.0	0	0.0	0	0.0	0	0.0	0	0.0	0	0.0	0	0.0	0	0.0	0	0	0	0	0	0	0	0	0	0	0	0	0	0	0	0	0	0	0	0	0	0	0	0	0	0	0	0	0	0	
hystrix	11	SINGLETON	com.netflix.hystrix.strategy.metrics.HystrixMetricsPublisherDefault	1	2	4	1	0	3	4	2	5	0	1	1	0.33	1	0.43	1	2	0	0	0	0	0	0	0	1	0	0	0	0	0	1	0	0	0	0	0	0	0.0	0	0.0	0	0.0	0	0.0	0	0.0	0	0.0	0	0.0	0	0.0	0	0	0	0	0	0	0	0	0	0	0	0	0	0	0	0	0	0	0	0	0	0	0	0	0	0	0	0	0	0	
hystrix	12	SINGLETON	com.netflix.hystrix.strategy.metrics.HystrixMetricsPublisherDefault	1	2	4	1	0	3	4	2	5	0	1	1	0.33	1	0.43	1	2	0	0	0	0	0	0	0	1	0	0	0	0	0	1	0	0	0	0	0	0	0.0	0	0.0	0	0.0	0	0.0	0	0.0	0	0.0	0	0.0	0	0.0	0	0	0	0	0	0	0	0	0	0	0	0	0	0	0	0	0	0	0	0	0	0	0	0	0	0	0	0	0	0	
hystrix	13	SINGLETON	com.netflix.hystrix.strategy.metrics.HystrixMetricsPublisherDefault	1	2	4	1	0	3	4	2	5	0	1	1	0.33	1	0.43	1	2	0	0	0	0	0	0	0	1	0	0	0	0	0	1	0	0	0	0	0	0	0.0	0	0.0	0	0.0	0	0.0	0	0.0	0	0.0	0	0.0	0	0.0	0	0	0	0	0	0	0	0	0	0	0	0	0	0	0	0	0	0	0	0	0	0	0	0	0	0	0	0	0	0	
hystrix	14	SINGLETON	com.netflix.hystrix.strategy.metrics.HystrixMetricsPublisherDefault	1	2	4	1	0	3	4	2	5	0	1	1	0.33	1	0.43	1	2	0	0	0	0	0	0	0	1	0	0	0	0	0	1	0	0	0	0	0	0	0.0	0	0.0	0	0.0	0	0.0	0	0.0	0	0.0	0	0.0	0	0.0	0	0	0	0	0	0	0	0	0	0	0	0	0	0	0	0	0	0	0	0	0	0	0	0	0	0	0	0	0	0	
hystrix	15	SINGLETON	com.netflix.hystrix.strategy.metrics.HystrixMetricsPublisherDefault	1	2	4	1	0	3	4	2	5	0	1	1	0.33	1	0.43	1	2	0	0	0	0	0	0	0	1	0	0	0	0	0	1	0	0	0	0	0	0	0.0	0	0.0	0	0.0	0	0.0	0	0.0	0	0.0	0	0.0	0	0.0	0	0	0	0	0	0	0	0	0	0	0	0	0	0	0	0	0	0	0	0	0	0	0	0	0	0	0	0	0	0	
hystrix	16	SINGLETON	com.netflix.hystrix.strategy.metrics.HystrixMetricsPublisherDefault	1	2	4	1	0	3	4	2	5	0	1	1	0.33	1	0.43	1	2	0	0	0	0	0	0	0	1	0	0	0	0	0	1	0	0	0	0	0	0	0.0	0	0.0	0	0.0	0	0.0	0	0.0	0	0.0	0	0.0	0	0.0	0	0	0	0	0	0	0	0	0	0	0	0	0	0	0	0	0	0	0	0	0	0	0	0	0	0	0	0	0	0	
hystrix	17	SINGLETON	com.netflix.hystrix.strategy.metrics.HystrixMetricsPublisherDefault	1	2	4	1	0	3	4	2	5	0	1	1	0.33	1	0.43	1	2	0	0	0	0	0	0	0	1	0	0	0	0	0	1	0	0	0	0	0	0	0.0	0	0.0	0	0.0	0	0.0	0	0.0	0	0.0	0	0.0	0	0.0	0	0	0	0	0	0	0	0	0	0	0	0	0	0	0	0	0	0	0	0	0	0	0	0	0	0	0	0	0	0	
hystrix	18	SINGLETON	com.netflix.hystrix.strategy.metrics.HystrixMetricsPublisherDefault	1	2	4	1	0	3	4	2	5	0	1	1	0.33	1	0.43	1	2	0	0	0	0	0	0	0	1	0	0	0	0	0	1	0	0	0	0	0	0	0.0	0	0.0	0	0.0	0	0.0	0	0.0	0	0.0	0	0.0	0	0.0	0	0	0	0	0	0	0	0	0	0	0	0	0	0	0	0	0	0	0	0	0	0	0	0	0	0	0	0	0	0	
hystrix	19	SINGLETON	com.netflix.hystrix.strategy.metrics.HystrixMetricsPublisherDefault	1	2	4	1	0	3	4	2	5	0	1	1	0.33	1	0.43	1	2	0	0	0	0	0	0	0	1	0	0	0	0	0	1	0	0	0	0	0	0	0.0	0	0.0	0	0.0	0	0.0	0	0.0	0	0.0	0	0.0	0	0.0	0	0	0	0	0	0	0	0	0	0	0	0	0	0	0	0	0	0	0	0	0	0	0	0	0	0	0	0	0	0	
hystrix	0	SINGLETON	com.netflix.hystrix.strategy.metrics.HystrixMetricsPublisherDefault	1	2	4	1	0	3	4	2	5	0	1	1	0.33	1	0.43	1	2	0	0	0	0	0	0	0	1	0	0	0	0	0	1	0	0	0	0	0	0	0.0	0	0.0	0	0.0	0	0.0	0	0.0	0	0.0	0	0.0	0	0.0	0	0	0	0	0	0	0	0	0	0	0	0	0	0	0	0	0	0	0	0	0	0	0	0	0	0	0	0	0	0	
hystrix	1	SINGLETON	com.netflix.hystrix.strategy.metrics.HystrixMetricsPublisherDefault	1	2	4	1	0	3	4	2	5	0	1	1	0.33	1	0.43	1	2	0	0	0	0	0	0	0	1	0	0	0	0	0	1	0	0	0	0	0	0	0.0	0	0.0	0	0.0	0	0.0	0	0.0	0	0.0	0	0.0	0	0.0	0	0	0	0	0	0	0	0	0	0	0	0	0	0	0	0	0	0	0	0	0	0	0	0	0	0	0	0	0	0	
hystrix	2	SINGLETON	com.netflix.hystrix.strategy.metrics.HystrixMetricsPublisherDefault	1	2	4	1	0	3	4	2	5	0	1	1	0.33	1	0.43	1	2	0	0	0	0	0	0	0	1	0	0	0	0	0	1	0	0	0	0	0	0	0.0	0	0.0	0	0.0	0	0.0	0	0.0	0	0.0	0	0.0	0	0.0	0	0	0	0	0	0	0	0	0	0	0	0	0	0	0	0	0	0	0	0	0	0	0	0	0	0	0	0	0	0	
hystrix	3	SINGLETON	com.netflix.hystrix.strategy.properties.HystrixPropertiesStrategyDefault	1	2	4	1	0	3	4	2	5	0	1	1	0.33	1	0.43	1	2	0	0	0	0	0	0	0	1	1	0	0	0	0	1	1	0	0	0	0	0	0.0	0	0.0	0	0.0	0	0.0	0	0.0	0	0.0	0	0.0	0	0.0	0	0	0	0	0	0	0	0	0	0	0	0	0	0	0	0	0	0	0	0	0	0	0	0	0	0	0	0	0	0	
hystrix	4	SINGLETON	com.netflix.hystrix.strategy.properties.HystrixPropertiesStrategyDefault	1	2	4	1	0	3	4	2	5	0	1	1	0.33	1	0.43	1	2	0	0	0	0	0	0	0	1	0	0	0	0	0	1	0	0	0	0	0	0	0.0	0	0.0	0	0.0	0	0.0	0	0.0	0	0.0	0	0.0	0	0.0	0	0	0	0	0	0	0	0	0	0	0	0	0	0	0	0	0	0	0	0	0	0	0	0	0	0	0	0	0	0	
hystrix	5	SINGLETON	com.netflix.hystrix.strategy.properties.HystrixPropertiesStrategyDefault	1	2	4	1	0	3	4	2	5	0	1	1	0.33	1	0.43	1	2	0	0	0	0	0	0	0	1	0	0	0	0	0	1	0	0	0	0	0	0	0.0	0	0.0	0	0.0	0	0.0	0	0.0	0	0.0	0	0.0	0	0.0	0	0	0	0	0	0	0	0	0	0	0	0	0	0	0	0	0	0	0	0	0	0	0	0	0	0	0	0	0	0	
hystrix	6	SINGLETON	com.netflix.hystrix.strategy.properties.HystrixPropertiesStrategyDefault	1	2	4	1	0	3	4	2	5	0	1	1	0.33	1	0.43	1	2	0	0	0	0	0	0	0	1	0	0	0	0	0	1	0	0	0	0	0	0	0.0	0	0.0	0	0.0	0	0.0	0	0.0	0	0.0	0	0.0	0	0.0	0	0	0	0	0	0	0	0	0	0	0	0	0	0	0	0	0	0	0	0	0	0	0	0	0	0	0	0	0	0	
hystrix	7	SINGLETON	com.netflix.hystrix.strategy.properties.HystrixPropertiesStrategyDefault	1	2	4	1	0	3	4	2	5	0	1	1	0.33	1	0.43	1	2	0	0	0	0	0	0	0	1	0	0	0	0	0	1	0	0	0	0	0	0	0.0	0	0.0	0	0.0	0	0.0	0	0.0	0	0.0	0	0.0	0	0.0	0	0	0	0	0	0	0	0	0	0	0	0	0	0	0	0	0	0	0	0	0	0	0	0	0	0	0	0	0	0	
hystrix	8	SINGLETON	com.netflix.hystrix.strategy.properties.HystrixPropertiesStrategyDefault	1	2	4	1	0	3	4	2	5	0	1	1	0.33	1	0.43	1	2	0	0	0	0	0	0	0	1	0	0	0	0	0	1	0	0	0	0	0	0	0.0	0	0.0	0	0.0	0	0.0	0	0.0	0	0.0	0	0.0	0	0.0	0	0	0	0	0	0	0	0	0	0	0	0	0	0	0	0	0	0	0	0	0	0	0	0	0	0	0	0	0	0	
hystrix	9	SINGLETON	com.netflix.hystrix.strategy.properties.HystrixPropertiesStrategyDefault	1	2	4	1	0	3	4	2	5	0	1	1	0.33	1	0.43	1	2	0	0	0	0	0	0	0	1	0	0	0	0	0	1	0	0	0	0	0	0	0.0	0	0.0	0	0.0	0	0.0	0	0.0	0	0.0	0	0.0	0	0.0	0	0	0	0	0	0	0	0	0	0	0	0	0	0	0	0	0	0	0	0	0	0	0	0	0	0	0	0	0	0	
hystrix	10	SINGLETON	com.netflix.hystrix.strategy.properties.HystrixPropertiesStrategyDefault	1	2	4	1	0	3	4	2	5	0	1	1	0.33	1	0.43	1	2	0	0	0	0	0	0	0	1	0	0	0	0	0	1	0	0	0	0	0	0	0.0	0	0.0	0	0.0	0	0.0	0	0.0	0	0.0	0	0.0	0	0.0	0	0	0	0	0	0	0	0	0	0	0	0	0	0	0	0	0	0	0	0	0	0	0	0	0	0	0	0	0	0	
hystrix	11	SINGLETON	com.netflix.hystrix.strategy.properties.HystrixPropertiesStrategyDefault	1	2	4	1	0	3	4	2	5	0	1	1	0.33	1	0.43	1	2	0	0	0	0	0	0	0	1	0	0	0	0	0	1	0	0	0	0	0	0	0.0	0	0.0	0	0.0	0	0.0	0	0.0	0	0.0	0	0.0	0	0.0	0	0	0	0	0	0	0	0	0	0	0	0	0	0	0	0	0	0	0	0	0	0	0	0	0	0	0	0	0	0	
hystrix	12	SINGLETON	com.netflix.hystrix.strategy.properties.HystrixPropertiesStrategyDefault	1	2	4	1	0	3	4	2	5	0	1	1	0.33	1	0.43	1	2	0	0	0	0	0	0	0	1	0	0	0	0	0	1	0	0	0	0	0	0	0.0	0	0.0	0	0.0	0	0.0	0	0.0	0	0.0	0	0.0	0	0.0	0	0	0	0	0	0	0	0	0	0	0	0	0	0	0	0	0	0	0	0	0	0	0	0	0	0	0	0	0	0	
hystrix	13	SINGLETON	com.netflix.hystrix.strategy.properties.HystrixPropertiesStrategyDefault	1	2	4	1	0	3	4	2	5	0	1	1	0.33	1	0.43	1	2	0	0	0	0	0	0	0	1	0	0	0	0	0	1	0	0	0	0	0	0	0.0	0	0.0	0	0.0	0	0.0	0	0.0	0	0.0	0	0.0	0	0.0	0	0	0	0	0	0	0	0	0	0	0	0	0	0	0	0	0	0	0	0	0	0	0	0	0	0	0	0	0	0	
hystrix	14	SINGLETON	com.netflix.hystrix.strategy.properties.HystrixPropertiesStrategyDefault	1	2	4	1	0	3	4	2	5	0	1	1	0.33	1	0.43	1	2	0	0	0	0	0	0	0	1	0	0	0	0	0	1	0	0	0	0	0	0	0.0	0	0.0	0	0.0	0	0.0	0	0.0	0	0.0	0	0.0	0	0.0	0	0	0	0	0	0	0	0	0	0	0	0	0	0	0	0	0	0	0	0	0	0	0	0	0	0	0	0	0	0	
hystrix	15	SINGLETON	com.netflix.hystrix.strategy.properties.HystrixPropertiesStrategyDefault	1	2	4	1	0	3	4	2	5	0	1	1	0.33	1	0.43	1	2	0	0	0	0	0	0	0	1	0	0	0	0	0	1	0	0	0	0	0	0	0.0	0	0.0	0	0.0	0	0.0	0	0.0	0	0.0	0	0.0	0	0.0	0	0	0	0	0	0	0	0	0	0	0	0	0	0	0	0	0	0	0	0	0	0	0	0	0	0	0	0	0	0	
hystrix	16	SINGLETON	com.netflix.hystrix.strategy.properties.HystrixPropertiesStrategyDefault	1	2	4	1	0	3	4	2	5	0	1	1	0.33	1	0.43	1	2	0	0	0	0	0	0	0	1	0	0	0	0	0	1	0	0	0	0	0	0	0.0	0	0.0	0	0.0	0	0.0	0	0.0	0	0.0	0	0.0	0	0.0	0	0	0	0	0	0	0	0	0	0	0	0	0	0	0	0	0	0	0	0	0	0	0	0	0	0	0	0	0	0	
hystrix	17	SINGLETON	com.netflix.hystrix.strategy.properties.HystrixPropertiesStrategyDefault	1	2	4	1	0	3	4	2	5	0	1	1	0.33	1	0.43	1	2	0	0	0	0	0	0	0	1	0	0	0	0	0	1	0	0	0	0	0	0	0.0	0	0.0	0	0.0	0	0.0	0	0.0	0	0.0	0	0.0	0	0.0	0	0	0	0	0	0	0	0	0	0	0	0	0	0	0	0	0	0	0	0	0	0	0	0	0	0	0	0	0	0	
hystrix	18	SINGLETON	com.netflix.hystrix.strategy.properties.HystrixPropertiesStrategyDefault	1	2	4	1	0	3	4	2	5	0	1	1	0.33	1	0.43	1	2	0	0	0	0	0	0	0	1	0	0	0	0	0	1	0	0	0	0	0	0	0.0	0	0.0	0	0.0	0	0.0	0	0.0	0	0.0	0	0.0	0	0.0	0	0	0	0	0	0	0	0	0	0	0	0	0	0	0	0	0	0	0	0	0	0	0	0	0	0	0	0	0	0	
hystrix	19	SINGLETON	com.netflix.hystrix.strategy.properties.HystrixPropertiesStrategyDefault	1	2	4	1	0	3	4	2	5	0	1	1	0.33	1	0.43	1	2	0	0	0	0	0	0	0	1	0	0	0	0	0	1	0	0	0	0	0	0	0.0	0	0.0	0	0.0	0	0.0	0	0.0	0	0.0	0	0.0	0	0.0	0	0	0	0	0	0	0	0	0	0	0	0	0	0	0	0	0	0	0	0	0	0	0	0	0	0	0	0	0	0	
hystrix	0	SINGLETON	com.netflix.hystrix.strategy.properties.HystrixPropertiesStrategyDefault	1	2	4	1	0	3	4	2	5	0	1	1	0.33	1	0.43	1	2	0	0	0	0	0	0	0	1	0	0	0	0	0	1	0	0	0	0	0	0	0.0	0	0.0	0	0.0	0	0.0	0	0.0	0	0.0	0	0.0	0	0.0	0	0	0	0	0	0	0	0	0	0	0	0	0	0	0	0	0	0	0	0	0	0	0	0	0	0	0	0	0	0	
hystrix	1	SINGLETON	com.netflix.hystrix.strategy.properties.HystrixPropertiesStrategyDefault	1	2	4	1	0	3	4	2	5	0	1	1	0.33	1	0.43	1	2	0	0	0	0	0	0	0	1	0	0	0	0	0	1	0	0	0	0	0	0	0.0	0	0.0	0	0.0	0	0.0	0	0.0	0	0.0	0	0.0	0	0.0	0	0	0	0	0	0	0	0	0	0	0	0	0	0	0	0	0	0	0	0	0	0	0	0	0	0	0	0	0	0	
hystrix	2	SINGLETON	com.netflix.hystrix.strategy.properties.HystrixPropertiesStrategyDefault	1	2	4	1	0	3	4	2	5	0	1	1	0.33	1	0.43	1	2	0	0	0	0	0	0	0	1	0	0	0	0	0	1	0	0	0	0	0	0	0.0	0	0.0	0	0.0	0	0.0	0	0.0	0	0.0	0	0.0	0	0.0	0	0	0	0	0	0	0	0	0	0	0	0	0	0	0	0	0	0	0	0	0	0	0	0	0	0	0	0	0	0	
hystrix	3	SINGLETON	com.netflix.hystrix.util.HystrixTimer	1	2	4	1	0	3	4	7	5	1	2	1	0.33	1	0.43	0.67	4	0	0	0	0	0	0	0	1	1	0	0	0	0	2	2	0	1	1	0	0	0.0	0	0.0	0	0.0	0	0.0	0	0.0	0	0.0	0	0.0	0	0.0	0	0	0	0	0	0	0	0	0	0	0	0	0	0	0	0	0	0	0	0	0	0	0	0	0	0	0	0	0	0	
hystrix	4	SINGLETON	com.netflix.hystrix.util.HystrixTimer	1	2	4	1	0	3	4	7	5	1	2	1	0.33	1	0.43	0.67	4	0	0	0	0	0	0	0	1	0	0	0	0	0	2	0	0	1	0	0	0	0.0	0	0.0	0	0.0	0	0.0	0	0.0	0	0.0	0	0.0	0	0.0	0	0	0	0	0	0	0	0	0	0	0	0	0	0	0	0	0	0	0	0	0	0	0	0	0	0	0	0	0	0	
hystrix	5	SINGLETON	com.netflix.hystrix.util.HystrixTimer	1	2	4	1	0	3	4	7	5	1	2	1	0.33	1	0.43	0.67	4	0	0	0	0	0	0	0	1	0	0	0	0	0	2	0	0	1	0	0	0	0.0	0	0.0	0	0.0	0	0.0	0	0.0	0	0.0	0	0.0	0	0.0	0	0	0	0	0	0	0	0	0	0	0	0	0	0	0	0	0	0	0	0	0	0	0	0	0	0	0	0	0	0	
hystrix	6	SINGLETON	com.netflix.hystrix.util.HystrixTimer	1	2	4	1	0	3	4	7	5	1	2	1	0.33	1	0.43	0.67	4	0	0	0	0	0	0	0	1	0	0	0	0	0	2	0	0	1	0	0	0	0.0	0	0.0	0	0.0	0	0.0	0	0.0	0	0.0	0	0.0	0	0.0	0	0	0	0	0	0	0	0	0	0	0	0	0	0	0	0	0	0	0	0	0	0	0	0	0	0	0	0	0	0	
hystrix	7	SINGLETON	com.netflix.hystrix.util.HystrixTimer	1	2	4	1	0	3	4	7	5	1	2	1	0.33	1	0.43	0.67	4	0	0	0	0	0	0	0	1	0	0	0	0	0	2	0	0	1	0	0	0	0.0	0	0.0	0	0.0	0	0.0	0	0.0	0	0.0	0	0.0	0	0.0	0	0	0	0	0	0	0	0	0	0	0	0	0	0	0	0	0	0	0	0	0	0	0	0	0	0	0	0	0	0	
hystrix	8	SINGLETON	com.netflix.hystrix.util.HystrixTimer	1	2	4	1	0	3	4	7	5	1	2	1	0.33	1	0.43	0.67	4	0	0	0	0	0	0	0	1	0	0	0	0	0	2	0	0	1	0	0	0	0.0	0	0.0	0	0.0	0	0.0	0	0.0	0	0.0	0	0.0	0	0.0	0	0	0	0	0	0	0	0	0	0	0	0	0	0	0	0	0	0	0	0	0	0	0	0	0	0	0	0	0	0	
hystrix	9	SINGLETON	com.netflix.hystrix.util.HystrixTimer	1	2	4	1	0	3	4	7	5	1	2	1	0.33	1	0.43	0.67	4	0	0	0	0	0	0	0	1	0	0	0	0	0	2	0	0	1	0	0	0	0.0	0	0.0	0	0.0	0	0.0	0	0.0	0	0.0	0	0.0	0	0.0	0	0	0	0	0	0	0	0	0	0	0	0	0	0	0	0	0	0	0	0	0	0	0	0	0	0	0	0	0	0	
hystrix	10	SINGLETON	com.netflix.hystrix.util.HystrixTimer	1	2	4	1	0	3	4	7	5	1	2	1	0.33	1	0.43	0.67	4	0	0	0	0	0	0	0	1	0	0	0	0	0	2	0	0	1	0	0	0	0.0	0	0.0	0	0.0	0	0.0	0	0.0	0	0.0	0	0.0	0	0.0	0	0	0	0	0	0	0	0	0	0	0	0	0	0	0	0	0	0	0	0	0	0	0	0	0	0	0	0	0	0	
hystrix	11	SINGLETON	com.netflix.hystrix.util.HystrixTimer	1	2	4	1	0	3	4	7	5	1	2	1	0.33	1	0.43	0.67	4	0	0	0	0	0	0	0	1	0	0	0	0	0	2	0	0	1	0	0	0	0.0	0	0.0	0	0.0	0	0.0	0	0.0	0	0.0	0	0.0	0	0.0	0	0	0	0	0	0	0	0	0	0	0	0	0	0	0	0	0	0	0	0	0	0	0	0	0	0	0	0	0	0	
hystrix	12	SINGLETON	com.netflix.hystrix.util.HystrixTimer	1	2	4	1	0	3	4	7	5	1	2	1	0.33	1	0.43	0.67	4	0	0	0	0	0	0	0	1	0	0	0	0	0	2	0	0	1	0	0	0	0.0	0	0.0	0	0.0	0	0.0	0	0.0	0	0.0	0	0.0	0	0.0	0	0	0	0	0	0	0	0	0	0	0	0	0	0	0	0	0	0	0	0	0	0	0	0	0	0	0	0	0	0	
hystrix	13	SINGLETON	com.netflix.hystrix.util.HystrixTimer	1	2	4	1	0	3	4	7	5	1	2	1	0.33	1	0.43	0.67	4	0	0	0	0	0	0	0	1	0	0	0	0	0	2	0	0	1	0	0	0	0.0	0	0.0	0	0.0	0	0.0	0	0.0	0	0.0	0	0.0	0	0.0	0	0	0	0	0	0	0	0	0	0	0	0	0	0	0	0	0	0	0	0	0	0	0	0	0	0	0	0	0	0	
hystrix	14	SINGLETON	com.netflix.hystrix.util.HystrixTimer	1	2	4	1	0	3	4	7	5	1	2	1	0.33	1	0.43	0.67	4	0	0	0	0	0	0	0	1	0	0	0	0	0	2	0	0	1	0	0	0	0.0	0	0.0	0	0.0	0	0.0	0	0.0	0	0.0	0	0.0	0	0.0	0	0	0	0	0	0	0	0	0	0	0	0	0	0	0	0	0	0	0	0	0	0	0	0	0	0	0	0	0	0	
hystrix	15	SINGLETON	com.netflix.hystrix.util.HystrixTimer	1	2	4	1	0	3	4	7	5	1	2	1	0.33	1	0.43	0.67	4	0	0	0	0	0	0	0	1	0	0	0	0	0	2	0	0	1	0	0	0	0.0	0	0.0	0	0.0	0	0.0	0	0.0	0	0.0	0	0.0	0	0.0	0	0	0	0	0	0	0	0	0	0	0	0	0	0	0	0	0	0	0	0	0	0	0	0	0	0	0	0	0	0	
hystrix	16	SINGLETON	com.netflix.hystrix.util.HystrixTimer	1	2	4	1	0	3	4	7	5	1	2	1	0.33	1	0.43	0.67	4	0	0	0	0	0	0	0	1	0	0	0	0	0	2	0	0	1	0	0	0	0.0	0	0.0	0	0.0	0	0.0	0	0.0	0	0.0	0	0.0	0	0.0	0	0	0	0	0	0	0	0	0	0	0	0	0	0	0	0	0	0	0	0	0	0	0	0	0	0	0	0	0	0	
hystrix	17	SINGLETON	com.netflix.hystrix.util.HystrixTimer	1	2	4	1	0	3	4	7	5	1	2	1	0.33	1	0.43	0.67	4	0	0	0	0	0	0	0	1	0	0	0	0	0	2	0	0	1	0	0	0	0.0	0	0.0	0	0.0	0	0.0	0	0.0	0	0.0	0	0.0	0	0.0	0	0	0	0	0	0	0	0	0	0	0	0	0	0	0	0	0	0	0	0	0	0	0	0	0	0	0	0	0	0	
hystrix	18	SINGLETON	com.netflix.hystrix.util.HystrixTimer	1	2	4	1	0	3	4	7	5	1	2	1	0.33	1	0.43	0.67	4	0	0	0	0	0	0	0	1	0	0	0	0	0	2	0	0	1	0	0	0	0.0	0	0.0	0	0.0	0	0.0	0	0.0	0	0.0	0	0.0	0	0.0	0	0	0	0	0	0	0	0	0	0	0	0	0	0	0	0	0	0	0	0	0	0	0	0	0	0	0	0	0	0	
hystrix	19	SINGLETON	com.netflix.hystrix.util.HystrixTimer	1	2	4	1	0	3	4	7	5	1	2	1	0.33	1	0.43	0.67	4	0	0	0	0	0	0	0	1	0	0	0	0	0	2	0	0	1	0	0	0	0.0	0	0.0	0	0.0	0	0.0	0	0.0	0	0.0	0	0.0	0	0.0	0	0	0	0	0	0	0	0	0	0	0	0	0	0	0	0	0	0	0	0	0	0	0	0	0	0	0	0	0	0	
hystrix	0	SINGLETON	com.netflix.hystrix.util.HystrixTimer	1	2	4	1	0	3	4	7	5	0	0	1	0.33	1	0.43	0	2	0	0	0	0	0	0	0	1	0	0	0	0	0	0	0	2	1	0	0	0	0.0	0	0.0	0	0.0	0	0.0	0	0.0	0	0.0	0	0.0	0	0.0	0	0	0	0	0	0	0	0	0	0	0	0	0	0	0	0	0	0	0	0	0	0	0	0	0	0	0	0	0	0	
hystrix	1	SINGLETON	com.netflix.hystrix.util.HystrixTimer	1	2	4	1	0	3	4	7	5	0	0	1	0.33	1	0.43	0	2	0	0	0	0	0	0	0	1	0	0	0	0	0	0	0	0	1	0	0	0	0.0	0	0.0	0	0.0	0	0.0	0	0.0	0	0.0	0	0.0	0	0.0	0	0	0	0	0	0	0	0	0	0	0	0	0	0	0	0	0	0	0	0	0	0	0	0	0	0	0	0	0	0	
hystrix	2	SINGLETON	com.netflix.hystrix.util.HystrixTimer	1	2	4	1	0	3	4	7	5	0	0	1	0.33	1	0.43	0	2	0	0	0	0	0	0	0	1	0	0	0	0	0	0	0	0	1	0	0	0	0.0	0	0.0	0	0.0	0	0.0	0	0.0	0	0.0	0	0.0	0	0.0	0	0	0	0	0	0	0	0	0	0	0	0	0	0	0	0	0	0	0	0	0	0	0	0	0	0	0	0	0	0	
hystrix	3	SINGLETON	com.netflix.hystrix.strategy.executionhook.HystrixCommandExecutionHookDefault	1	2	4	1	0	3	4	2	5	0	1	1	0.33	1	0.43	1	2	0	0	0	0	0	0	0	1	1	0	0	0	0	1	1	0	0	0	0	0	0.0	0	0.0	0	0.0	0	0.0	0	0.0	0	0.0	0	0.0	0	0.0	0	0	0	0	0	0	0	0	0	0	0	0	0	0	0	0	0	0	0	0	0	0	0	0	0	0	0	0	0	0	
hystrix	4	SINGLETON	com.netflix.hystrix.strategy.executionhook.HystrixCommandExecutionHookDefault	1	2	4	1	0	3	4	2	5	0	1	1	0.33	1	0.43	1	2	0	0	0	0	0	0	0	1	0	0	0	0	0	1	0	0	0	0	0	0	0.0	0	0.0	0	0.0	0	0.0	0	0.0	0	0.0	0	0.0	0	0.0	0	0	0	0	0	0	0	0	0	0	0	0	0	0	0	0	0	0	0	0	0	0	0	0	0	0	0	0	0	0	
hystrix	5	SINGLETON	com.netflix.hystrix.strategy.executionhook.HystrixCommandExecutionHookDefault	1	2	4	1	0	3	4	2	5	0	1	1	0.33	1	0.43	1	2	0	0	0	0	0	0	0	1	0	0	0	0	0	1	0	0	0	0	0	0	0.0	0	0.0	0	0.0	0	0.0	0	0.0	0	0.0	0	0.0	0	0.0	0	0	0	0	0	0	0	0	0	0	0	0	0	0	0	0	0	0	0	0	0	0	0	0	0	0	0	0	0	0	
hystrix	6	SINGLETON	com.netflix.hystrix.strategy.executionhook.HystrixCommandExecutionHookDefault	1	2	4	1	0	3	4	2	5	0	1	1	0.33	1	0.43	1	2	0	0	0	0	0	0	0	1	0	0	0	0	0	1	0	0	0	0	0	0	0.0	0	0.0	0	0.0	0	0.0	0	0.0	0	0.0	0	0.0	0	0.0	0	0	0	0	0	0	0	0	0	0	0	0	0	0	0	0	0	0	0	0	0	0	0	0	0	0	0	0	0	0	
hystrix	7	SINGLETON	com.netflix.hystrix.strategy.executionhook.HystrixCommandExecutionHookDefault	1	2	4	1	0	3	4	2	5	0	1	1	0.33	1	0.43	1	2	0	0	0	0	0	0	0	1	0	0	0	0	0	1	0	0	0	0	0	0	0.0	0	0.0	0	0.0	0	0.0	0	0.0	0	0.0	0	0.0	0	0.0	0	0	0	0	0	0	0	0	0	0	0	0	0	0	0	0	0	0	0	0	0	0	0	0	0	0	0	0	0	0	
hystrix	8	SINGLETON	com.netflix.hystrix.strategy.executionhook.HystrixCommandExecutionHookDefault	1	2	4	1	0	3	4	2	5	0	1	1	0.33	1	0.43	1	2	0	0	0	0	0	0	0	1	0	0	0	0	0	1	0	0	0	0	0	0	0.0	0	0.0	0	0.0	0	0.0	0	0.0	0	0.0	0	0.0	0	0.0	0	0	0	0	0	0	0	0	0	0	0	0	0	0	0	0	0	0	0	0	0	0	0	0	0	0	0	0	0	0	
hystrix	9	SINGLETON	com.netflix.hystrix.strategy.executionhook.HystrixCommandExecutionHookDefault	1	2	4	1	0	3	4	2	5	0	1	1	0.33	1	0.43	1	2	0	0	0	0	0	0	0	1	0	0	0	0	0	1	0	0	0	0	0	0	0.0	0	0.0	0	0.0	0	0.0	0	0.0	0	0.0	0	0.0	0	0.0	0	0	0	0	0	0	0	0	0	0	0	0	0	0	0	0	0	0	0	0	0	0	0	0	0	0	0	0	0	0	
hystrix	10	SINGLETON	com.netflix.hystrix.strategy.executionhook.HystrixCommandExecutionHookDefault	1	2	4	1	0	3	4	2	5	0	1	1	0.33	1	0.43	1	2	0	0	0	0	0	0	0	1	0	0	0	0	0	1	0	0	0	0	0	0	0.0	0	0.0	0	0.0	0	0.0	0	0.0	0	0.0	0	0.0	0	0.0	0	0	0	0	0	0	0	0	0	0	0	0	0	0	0	0	0	0	0	0	0	0	0	0	0	0	0	0	0	0	
hystrix	11	SINGLETON	com.netflix.hystrix.strategy.executionhook.HystrixCommandExecutionHookDefault	1	2	4	1	0	3	4	2	5	0	1	1	0.33	1	0.43	1	2	0	0	0	0	0	0	0	1	0	0	0	0	0	1	0	0	0	0	0	0	0.0	0	0.0	0	0.0	0	0.0	0	0.0	0	0.0	0	0.0	0	0.0	0	0	0	0	0	0	0	0	0	0	0	0	0	0	0	0	0	0	0	0	0	0	0	0	0	0	0	0	0	0	
hystrix	12	SINGLETON	com.netflix.hystrix.strategy.executionhook.HystrixCommandExecutionHookDefault	1	2	4	1	0	3	4	2	5	0	1	1	0.33	1	0.43	1	2	0	0	0	0	0	0	0	1	0	0	0	0	0	1	0	0	0	0	0	0	0.0	0	0.0	0	0.0	0	0.0	0	0.0	0	0.0	0	0.0	0	0.0	0	0	0	0	0	0	0	0	0	0	0	0	0	0	0	0	0	0	0	0	0	0	0	0	0	0	0	0	0	0	
hystrix	13	SINGLETON	com.netflix.hystrix.strategy.executionhook.HystrixCommandExecutionHookDefault	1	2	4	1	0	3	4	2	5	0	1	1	0.33	1	0.43	1	2	0	0	0	0	0	0	0	1	0	0	0	0	0	1	0	0	0	0	0	0	0.0	0	0.0	0	0.0	0	0.0	0	0.0	0	0.0	0	0.0	0	0.0	0	0	0	0	0	0	0	0	0	0	0	0	0	0	0	0	0	0	0	0	0	0	0	0	0	0	0	0	0	0	
hystrix	14	SINGLETON	com.netflix.hystrix.strategy.executionhook.HystrixCommandExecutionHookDefault	1	2	4	1	0	3	4	2	5	0	1	1	0.33	1	0.43	1	2	0	0	0	0	0	0	0	1	0	0	0	0	0	1	0	0	0	0	0	0	0.0	0	0.0	0	0.0	0	0.0	0	0.0	0	0.0	0	0.0	0	0.0	0	0	0	0	0	0	0	0	0	0	0	0	0	0	0	0	0	0	0	0	0	0	0	0	0	0	0	0	0	0	
hystrix	15	SINGLETON	com.netflix.hystrix.strategy.executionhook.HystrixCommandExecutionHookDefault	1	2	4	1	0	3	4	2	5	0	1	1	0.33	1	0.43	1	2	0	0	0	0	0	0	0	1	0	0	0	0	0	1	0	0	0	0	0	0	0.0	0	0.0	0	0.0	0	0.0	0	0.0	0	0.0	0	0.0	0	0.0	0	0	0	0	0	0	0	0	0	0	0	0	0	0	0	0	0	0	0	0	0	0	0	0	0	0	0	0	0	0	
hystrix	16	SINGLETON	com.netflix.hystrix.strategy.executionhook.HystrixCommandExecutionHookDefault	1	2	4	1	0	3	4	2	5	0	1	1	0.33	1	0.43	1	2	0	0	0	0	0	0	0	1	0	0	0	0	0	1	0	0	0	0	0	0	0.0	0	0.0	0	0.0	0	0.0	0	0.0	0	0.0	0	0.0	0	0.0	0	0	0	0	0	0	0	0	0	0	0	0	0	0	0	0	0	0	0	0	0	0	0	0	0	0	0	0	0	0	
hystrix	17	SINGLETON	com.netflix.hystrix.strategy.executionhook.HystrixCommandExecutionHookDefault	1	2	4	1	0	3	4	2	5	0	1	1	0.33	1	0.43	1	2	0	0	0	0	0	0	0	1	0	0	0	0	0	1	0	0	0	0	0	0	0.0	0	0.0	0	0.0	0	0.0	0	0.0	0	0.0	0	0.0	0	0.0	0	0	0	0	0	0	0	0	0	0	0	0	0	0	0	0	0	0	0	0	0	0	0	0	0	0	0	0	0	0	
hystrix	18	SINGLETON	com.netflix.hystrix.strategy.executionhook.HystrixCommandExecutionHookDefault	1	2	4	1	0	3	4	2	5	0	1	1	0.33	1	0.43	1	2	0	0	0	0	0	0	0	1	0	0	0	0	0	1	0	0	0	0	0	0	0.0	0	0.0	0	0.0	0	0.0	0	0.0	0	0.0	0	0.0	0	0.0	0	0	0	0	0	0	0	0	0	0	0	0	0	0	0	0	0	0	0	0	0	0	0	0	0	0	0	0	0	0	
hystrix	19	SINGLETON	com.netflix.hystrix.strategy.executionhook.HystrixCommandExecutionHookDefault	1	2	4	1	0	3	4	2	5	0	1	1	0.33	1	0.43	1	2	0	0	0	0	0	0	0	1	0	0	0	0	0	1	0	0	0	0	0	0	0.0	0	0.0	0	0.0	0	0.0	0	0.0	0	0.0	0	0.0	0	0.0	0	0	0	0	0	0	0	0	0	0	0	0	0	0	0	0	0	0	0	0	0	0	0	0	0	0	0	0	0	0	
hystrix	2	SINGLETON	com.netflix.hystrix.strategy.executionhook.HystrixCommandExecutionHookDefault	1	2	4	1	0	3	4	2	5	0	1	1	0.33	1	0.43	1	2	0	0	0	0	0	0	0	1	1	0	0	0	0	1	1	0	0	0	0	0	0.0	0	0.0	0	0.0	0	0.0	0	0.0	0	0.0	0	0.0	0	0.0	0	0	0	0	0	0	0	0	0	0	0	0	0	0	0	0	0	0	0	0	0	0	0	0	0	0	0	0	0	0	
hystrix	3	SINGLETON	com.netflix.hystrix.strategy.metrics.HystrixMetricsPublisherFactory	1	2	4	0	1	2	5	8	3	0	11	1	0.33	0	0.29	1	14	12	0	0	0	3	3	0	1	1	0	0	0	0	10	10	0	0	0	0	0	0.0	0	0.0	0	0.0	0	0.0	0	0.0	0	0.0	0	0.0	0	0.0	0	0	0	0	0	0	0	0	0	0	0	0	0	0	0	4	4	0	0	0	0	0	0	0	8	8	0	0	0	0	
hystrix	4	SINGLETON	com.netflix.hystrix.strategy.metrics.HystrixMetricsPublisherFactory	1	2	4	0	1	2	5	8	3	0	11	1	0.33	0	0.29	1	14	12	0	0	0	3	0	0	1	0	0	0	0	0	10	0	0	0	0	0	0	0.0	0	0.0	0	0.0	0	0.0	0	0.0	0	0.0	0	0.0	0	0.0	0	0	0	0	0	0	0	0	0	0	0	0	0	0	0	4	0	0	0	0	0	0	0	0	8	0	0	0	0	0	
hystrix	5	SINGLETON	com.netflix.hystrix.strategy.metrics.HystrixMetricsPublisherFactory	1	2	4	0	1	2	5	8	3	0	11	1	0.33	0	0.29	1	14	12	0	0	0	3	0	0	1	0	0	0	0	0	10	0	0	0	0	0	0	0.0	0	0.0	0	0.0	0	0.0	0	0.0	0	0.0	0	0.0	0	0.0	0	0	0	0	0	0	0	0	0	0	0	0	0	0	0	4	0	0	0	0	0	0	0	0	8	0	0	0	0	0	
hystrix	6	SINGLETON	com.netflix.hystrix.strategy.metrics.HystrixMetricsPublisherFactory	1	2	4	0	1	2	5	8	3	0	11	1	0.33	0	0.29	1	14	12	0	0	0	3	0	0	1	0	0	0	0	0	10	0	0	0	0	0	0	0.0	0	0.0	0	0.0	0	0.0	0	0.0	0	0.0	0	0.0	0	0.0	0	0	0	0	0	0	0	0	0	0	0	0	0	0	0	4	0	0	0	0	0	0	0	0	8	0	0	0	0	0	
hystrix	7	SINGLETON	com.netflix.hystrix.strategy.metrics.HystrixMetricsPublisherFactory	1	2	4	0	1	2	5	11	3	0	14	1	0.33	0	0.29	1	18	30	0	0	0	3	1	1	1	0	0	0	0	0	14	4	0	0	0	0	0	0.0	0	0.0	0	0.0	0	0.0	0	0.0	0	0.0	0	0.0	0	0.0	0	0	0	0	0	0	0	0	0	0	0	0	0	0	0	6	2	0	0	0	0	0	0	0	24	14	0	0	0	0	
hystrix	8	SINGLETON	com.netflix.hystrix.strategy.metrics.HystrixMetricsPublisherFactory	1	2	4	0	1	2	5	11	3	0	14	1	0.33	0	0.29	1	18	30	0	0	0	3	0	0	1	0	0	0	0	0	14	0	0	0	0	0	0	0.0	0	0.0	0	0.0	0	0.0	0	0.0	0	0.0	0	0.0	0	0.0	0	0	0	0	0	0	0	0	0	0	0	0	0	0	0	6	0	0	0	0	0	0	0	0	24	0	0	0	0	0	
hystrix	9	SINGLETON	com.netflix.hystrix.strategy.metrics.HystrixMetricsPublisherFactory	1	2	4	0	1	2	5	11	3	0	14	1	0.33	0	0.29	1	18	30	0	0	0	3	0	0	1	0	0	0	0	0	14	0	0	0	0	0	0	0.0	0	0.0	0	0.0	0	0.0	0	0.0	0	0.0	0	0.0	0	0.0	0	0	0	0	0	0	0	0	0	0	0	0	0	0	0	6	0	0	0	0	0	0	0	0	24	0	0	0	0	0	
hystrix	10	SINGLETON	com.netflix.hystrix.strategy.metrics.HystrixMetricsPublisherFactory	1	2	4	0	1	2	5	11	3	0	14	1	0.33	0	0.29	1	18	30	0	0	0	3	0	0	1	0	0	0	0	0	14	0	0	0	0	0	0	0.0	0	0.0	0	0.0	0	0.0	0	0.0	0	0.0	0	0.0	0	0.0	0	0	0	0	0	0	0	0	0	0	0	0	0	0	0	6	0	0	0	0	0	0	0	0	24	0	0	0	0	0	
hystrix	11	SINGLETON	com.netflix.hystrix.strategy.metrics.HystrixMetricsPublisherFactory	1	2	4	0	1	2	5	11	3	0	14	1	0.33	0	0.29	1	18	30	0	0	0	3	0	0	1	0	0	0	0	0	14	0	0	0	0	0	0	0.0	0	0.0	0	0.0	0	0.0	0	0.0	0	0.0	0	0.0	0	0.0	0	0	0	0	0	0	0	0	0	0	0	0	0	0	0	6	0	0	0	0	0	0	0	0	24	0	0	0	0	0	
hystrix	12	SINGLETON	com.netflix.hystrix.strategy.metrics.HystrixMetricsPublisherFactory	1	2	4	0	1	2	5	11	3	0	14	1	0.33	0	0.29	1	18	30	0	0	0	3	0	0	1	0	0	0	0	0	14	0	0	0	0	0	0	0.0	0	0.0	0	0.0	0	0.0	0	0.0	0	0.0	0	0.0	0	0.0	0	0	0	0	0	0	0	0	0	0	0	0	0	0	0	6	0	0	0	0	0	0	0	0	24	0	0	0	0	0	
hystrix	13	SINGLETON	com.netflix.hystrix.strategy.metrics.HystrixMetricsPublisherFactory	1	2	4	0	1	2	5	11	3	0	14	1	0.33	0	0.29	1	18	20	0	0	0	3	0	0	1	0	0	0	0	0	14	0	0	0	0	0	0	0.0	0	0.0	0	0.0	0	0.0	0	0.0	0	0.0	0	0.0	0	0.0	0	0	0	0	0	0	0	0	0	0	0	0	0	0	0	4	0	2	0	0	0	0	0	0	16	0	4	0	0	0	
hystrix	14	SINGLETON	com.netflix.hystrix.strategy.metrics.HystrixMetricsPublisherFactory	1	2	4	0	1	2	5	11	3	0	14	1	0.33	0	0.29	1	18	20	0	0	0	3	0	0	1	0	0	0	0	0	14	0	0	0	0	0	0	0.0	0	0.0	0	0.0	0	0.0	0	0.0	0	0.0	0	0.0	0	0.0	0	0	0	0	0	0	0	0	0	0	0	0	0	0	0	4	0	0	0	0	0	0	0	0	16	0	0	0	0	0	
hystrix	15	SINGLETON	com.netflix.hystrix.strategy.metrics.HystrixMetricsPublisherFactory	1	2	4	0	1	2	5	11	3	0	14	1	0.33	0	0.29	1	18	20	0	0	0	3	0	0	1	0	0	0	0	0	14	0	0	0	0	0	0	0.0	0	0.0	0	0.0	0	0.0	0	0.0	0	0.0	0	0.0	0	0.0	0	0	0	0	0	0	0	0	0	0	0	0	0	0	0	4	0	0	0	0	0	0	0	0	16	0	0	0	0	0	
hystrix	16	SINGLETON	com.netflix.hystrix.strategy.metrics.HystrixMetricsPublisherFactory	1	2	4	0	1	2	5	11	3	0	14	1	0.33	0	0.29	1	18	20	0	0	0	3	0	0	1	0	0	0	0	0	14	0	0	0	0	0	0	0.0	0	0.0	0	0.0	0	0.0	0	0.0	0	0.0	0	0.0	0	0.0	0	0	0	0	0	0	0	0	0	0	0	0	0	0	0	4	0	0	0	0	0	0	0	0	16	0	0	0	0	0	
hystrix	17	SINGLETON	com.netflix.hystrix.strategy.metrics.HystrixMetricsPublisherFactory	1	2	4	0	1	2	5	11	3	0	14	1	0.33	0	0.29	1	18	20	0	0	0	3	0	0	1	0	0	0	0	0	14	0	0	0	0	0	0	0.0	0	0.0	0	0.0	0	0.0	0	0.0	0	0.0	0	0.0	0	0.0	0	0	0	0	0	0	0	0	0	0	0	0	0	0	0	4	0	0	0	0	0	0	0	0	16	0	0	0	0	0	
hystrix	18	SINGLETON	com.netflix.hystrix.strategy.metrics.HystrixMetricsPublisherFactory	1	2	4	0	1	2	5	11	3	0	14	1	0.33	0	0.29	1	18	20	0	0	0	3	0	0	1	0	0	0	0	0	14	0	0	0	0	0	0	0.0	0	0.0	0	0.0	0	0.0	0	0.0	0	0.0	0	0.0	0	0.0	0	0	0	0	0	0	0	0	0	0	0	0	0	0	0	4	0	0	0	0	0	0	0	0	16	0	0	0	0	0	
hystrix	19	SINGLETON	com.netflix.hystrix.strategy.metrics.HystrixMetricsPublisherFactory	1	2	4	0	1	2	5	11	3	0	14	1	0.33	0	0.29	1	18	20	0	0	0	3	0	0	1	0	0	0	0	0	14	0	0	0	0	0	0	0.0	0	0.0	0	0.0	0	0.0	0	0.0	0	0.0	0	0.0	0	0.0	0	0	0	0	0	0	0	0	0	0	0	0	0	0	0	4	0	0	0	0	0	0	0	0	16	0	0	0	0	0	
hystrix	2	SINGLETON	com.netflix.hystrix.strategy.metrics.HystrixMetricsPublisherFactory	1	2	4	0	1	2	5	8	3	0	11	1	0.33	0	0.29	1	14	12	0	0	0	3	3	0	1	1	0	0	0	0	10	10	0	0	0	0	0	0.0	0	0.0	0	0.0	0	0.0	0	0.0	0	0.0	0	0.0	0	0.0	0	0	0	0	0	0	0	0	0	0	0	0	0	0	0	4	4	0	0	0	0	0	0	0	8	8	0	0	0	0	
hystrix	7	TEMPLATE_METHOD	com.netflix.hystrix.HystrixObservableCollapser	1	2	3	1	1	3	4	23	2	0	5	0	0.4	0.5	0.43	1	7	7	0	0	0	3	3	0	0	0	0	0	0	0	4	4	0	0	0	0	0	0.0	0	0.0	0	0.0	0	0.0	0	0.0	0	0.0	0	0.0	0	0.0	0	0	0	0	0	0	0	0	0	0	0	0	0	0	0	3	3	0	0	0	0	0	0	0	4	4	0	0	0	0	
hystrix	8	TEMPLATE_METHOD	com.netflix.hystrix.HystrixObservableCollapser	1	2	3	1	1	3	4	23	2	0	5	0	0.4	0.5	0.43	1	7	7	0	0	0	3	0	0	0	0	0	0	0	0	4	0	0	0	0	0	0	0.0	0	0.0	0	0.0	0	0.0	0	0.0	0	0.0	0	0.0	0	0.0	0	0	0	0	0	0	0	0	0	0	0	0	0	0	0	3	0	0	0	0	0	0	0	0	4	0	0	0	0	0	
hystrix	9	TEMPLATE_METHOD	com.netflix.hystrix.HystrixObservableCollapser	1	2	3	1	1	3	4	23	2	0	5	0	0.4	0.5	0.43	1	7	7	0	0	0	3	0	0	0	0	0	0	0	0	4	0	0	0	0	0	0	0.0	0	0.0	0	0.0	0	0.0	0	0.0	0	0.0	0	0.0	0	0.0	0	0	0	0	0	0	0	0	0	0	0	0	0	0	0	3	0	0	0	0	0	0	0	0	4	0	0	0	0	0	
hystrix	10	TEMPLATE_METHOD	com.netflix.hystrix.HystrixObservableCollapser	1	2	3	1	1	3	4	23	2	0	6	0	0.4	0.5	0.43	1	8	7	0	0	0	3	0	0	0	0	0	0	0	0	5	1	0	0	0	0	0	0.0	0	0.0	0	0.0	0	0.0	0	0.0	0	0.0	0	0.0	0	0.0	0	0	0	0	0	0	0	0	0	0	0	0	0	0	0	3	0	0	0	0	0	0	0	0	4	0	0	0	0	0	
hystrix	11	TEMPLATE_METHOD	com.netflix.hystrix.HystrixObservableCollapser	1	2	3	1	1	3	4	23	2	0	7	0	0.4	0.5	0.43	1	9	7	0	0	0	3	0	0	0	0	0	0	0	0	6	1	0	0	0	0	0	0.0	1	1.0	0	0.0	0	0.0	0	0.0	1	1.0	0	0.0	0	0.0	0	0	0	0	0	0	0	0	0	0	0	0	0	0	0	3	0	0	0	0	0	0	0	0	4	0	0	0	0	0	
hystrix	12	TEMPLATE_METHOD	com.netflix.hystrix.HystrixObservableCollapser	1	2	3	1	1	3	4	24	2	0	8	0	0.4	0.5	0.43	1	10	7	0	0	0	3	0	0	0	0	0	0	0	0	7	1	0	0	0	0	1	1.0	1	1.0	0	0.0	0	0.0	1	1.0	1	1.0	0	0.0	0	0.0	0	0	0	0	0	0	0	0	0	0	0	0	0	0	0	3	0	0	0	0	0	0	0	0	4	0	0	0	0	0	
hystrix	13	TEMPLATE_METHOD	com.netflix.hystrix.HystrixObservableCollapser	1	2	3	1	1	3	4	24	2	0	8	0	0.4	0.5	0.43	1	10	7	0	0	0	3	0	0	0	0	0	0	0	0	7	0	0	0	0	0	0	0.0	0	0.0	0	0.0	0	0.0	0	0.0	0	0.0	0	0.0	0	0.0	0	0	0	0	0	0	0	0	0	0	0	0	0	0	0	3	0	0	0	0	0	0	0	0	4	0	0	0	0	0	
hystrix	14	TEMPLATE_METHOD	com.netflix.hystrix.HystrixObservableCollapser	1	2	3	1	1	3	4	24	2	0	8	0	0.4	0.5	0.43	1	10	7	0	0	0	3	0	0	0	0	0	0	0	0	7	0	0	0	0	0	0	0.0	0	0.0	0	0.0	0	0.0	0	0.0	0	0.0	0	0.0	0	0.0	0	0	0	0	0	0	0	0	0	0	0	0	0	0	0	3	0	0	0	0	0	0	0	0	4	0	0	0	0	0	
hystrix	7	TEMPLATE_METHOD	com.netflix.hystrix.HystrixObservableCommand	1	2	3	1	1	3	4	5	2	0	1	0	0.4	0.5	0.43	1	1	0	0	0	0	0	0	0	0	0	0	0	0	0	1	1	0	0	0	0	0	0.0	0	0.0	0	0.0	0	0.0	0	0.0	0	0.0	0	0.0	0	0.0	0	0	0	0	0	0	0	0	0	0	0	0	0	0	0	0	0	0	0	0	0	0	0	0	0	0	0	0	0	0	
hystrix	8	TEMPLATE_METHOD	com.netflix.hystrix.HystrixObservableCommand	1	2	3	1	1	3	4	6	2	0	2	0	0.4	0.5	0.43	1	2	0	0	0	0	0	0	0	0	0	0	0	0	0	2	1	0	0	0	0	0	0.0	0	0.0	0	0.0	0	0.0	0	0.0	0	0.0	0	0.0	0	0.0	0	0	0	0	0	0	0	0	0	0	0	0	0	0	0	0	0	0	0	0	0	0	0	0	0	0	0	0	0	0	
hystrix	9	TEMPLATE_METHOD	com.netflix.hystrix.HystrixObservableCommand	1	2	3	1	1	3	4	6	2	0	2	0	0.4	0.5	0.43	1	2	0	0	0	0	0	0	0	0	0	0	0	0	0	2	0	0	0	0	0	0	0.0	0	0.0	0	0.0	0	0.0	0	0.0	0	0.0	0	0.0	0	0.0	0	0	0	0	0	0	0	0	0	0	0	0	0	0	0	0	0	0	0	0	0	0	0	0	0	0	0	0	0	0	
hystrix	10	TEMPLATE_METHOD	com.netflix.hystrix.HystrixObservableCommand	1	2	3	1	1	3	4	6	2	0	2	0	0.4	0.5	0.43	1	2	0	0	0	0	0	0	0	0	0	0	0	0	0	2	0	0	0	0	0	0	0.0	0	0.0	0	0.0	0	0.0	0	0.0	0	0.0	0	0.0	0	0.0	0	0	0	0	0	0	0	0	0	0	0	0	0	0	0	0	0	0	0	0	0	0	0	0	0	0	0	0	0	0	
hystrix	11	TEMPLATE_METHOD	com.netflix.hystrix.HystrixObservableCommand	1	2	3	1	1	3	4	6	2	0	2	0	0.4	0.5	0.43	1	2	0	0	0	0	0	0	0	0	0	0	0	0	0	2	0	0	0	0	0	0	0.0	0	0.0	0	0.0	0	0.0	0	0.0	0	0.0	0	0.0	0	0.0	0	0	0	0	0	0	0	0	0	0	0	0	0	0	0	0	0	0	0	0	0	0	0	0	0	0	0	0	0	0	
hystrix	12	TEMPLATE_METHOD	com.netflix.hystrix.HystrixObservableCommand	1	2	3	1	1	3	4	6	2	0	2	0	0.4	0.5	0.43	1	2	0	0	0	0	0	0	0	0	0	0	0	0	0	2	0	0	0	0	0	0	0.0	0	0.0	0	0.0	0	0.0	0	0.0	0	0.0	0	0.0	0	0.0	0	0	0	0	0	0	0	0	0	0	0	0	0	0	0	0	0	0	0	0	0	0	0	0	0	0	0	0	0	0	
hystrix	13	TEMPLATE_METHOD	com.netflix.hystrix.HystrixObservableCommand	1	2	3	1	1	3	4	6	2	0	2	0	0.4	0.5	0.43	1	2	0	0	0	0	0	0	0	0	0	0	0	0	0	2	0	0	0	0	0	0	0.0	0	0.0	0	0.0	0	0.0	0	0.0	0	0.0	0	0.0	0	0.0	0	0	0	0	0	0	0	0	0	0	0	0	0	0	0	0	0	0	0	0	0	0	0	0	0	0	0	0	0	0	
hystrix	14	TEMPLATE_METHOD	com.netflix.hystrix.HystrixObservableCommand	1	2	3	1	1	3	4	6	2	0	2	0	0.4	0.5	0.43	1	2	0	0	0	0	0	0	0	0	0	0	0	0	0	2	0	0	0	0	0	0	0.0	0	0.0	0	0.0	0	0.0	0	0.0	0	0.0	0	0.0	0	0.0	0	0	0	0	0	0	0	0	0	0	0	0	0	0	0	0	0	0	0	0	0	0	0	0	0	0	0	0	0	0	
hystrix	15	TEMPLATE_METHOD	com.netflix.hystrix.HystrixObservableCommand	1	2	3	1	1	3	4	7	2	0	2	0	0.4	0.5	0.43	1	2	0	0	0	0	0	0	0	0	0	0	0	0	0	2	0	0	0	0	0	0	0.0	0	0.0	0	0.0	0	0.0	0	0.0	0	0.0	0	0.0	0	0.0	0	0	0	0	0	0	0	0	0	0	0	0	0	0	0	0	0	0	0	0	0	0	0	0	0	0	0	0	0	0	
hystrix	16	TEMPLATE_METHOD	com.netflix.hystrix.HystrixObservableCommand	1	2	3	1	1	3	4	8	2	0	4	0	0.4	0.5	0.43	1	4	0	0	0	0	0	0	0	0	0	0	0	0	0	4	2	0	0	0	0	0	0.0	0	0.0	0	0.0	0	0.0	0	0.0	0	0.0	0	0.0	0	0.0	0	0	0	0	0	0	0	0	0	0	0	0	0	0	0	0	0	0	0	0	0	0	0	0	0	0	0	0	0	0	
hystrix	17	TEMPLATE_METHOD	com.netflix.hystrix.HystrixObservableCommand	1	2	3	1	1	3	4	8	2	0	4	0	0.4	0.5	0.43	1	4	0	0	0	0	0	0	0	0	0	0	0	0	0	4	0	0	0	0	0	0	0.0	0	0.0	0	0.0	0	0.0	0	0.0	0	0.0	0	0.0	0	0.0	0	0	0	0	0	0	0	0	0	0	0	0	0	0	0	0	0	0	0	0	0	0	0	0	0	0	0	0	0	0	
hystrix	18	TEMPLATE_METHOD	com.netflix.hystrix.HystrixObservableCommand	1	2	3	1	1	3	4	8	2	0	4	0	0.4	0.5	0.43	1	4	0	0	0	0	0	0	0	0	0	0	0	0	0	4	0	0	0	0	0	0	0.0	0	0.0	0	0.0	0	0.0	0	0.0	0	0.0	0	0.0	0	0.0	0	0	0	0	0	0	0	0	0	0	0	0	0	0	0	0	0	0	0	0	0	0	0	0	0	0	0	0	0	0	
hystrix	19	TEMPLATE_METHOD	com.netflix.hystrix.HystrixObservableCommand	1	2	3	1	1	3	4	8	2	0	4	0	0.4	0.5	0.43	1	4	0	0	0	0	0	0	0	0	0	0	0	0	0	4	0	0	0	0	0	0	0.0	0	0.0	0	0.0	0	0.0	0	0.0	0	0.0	0	0.0	0	0.0	0	0	0	0	0	0	0	0	0	0	0	0	0	0	0	0	0	0	0	0	0	0	0	0	0	0	0	0	0	0	
hystrix	13	STATE	com.netflix.hystrix.metric.HystrixCollapserEventStream	2	4	5	1	1	5	6	10	4	22	2	2	0.44	0.5	0.45	0.08	30	0	4	4	0	1	1	0	1	1	0	21	21	0	1	1	0	2	2	0	0	0.0	0	0.0	0	0.0	0	0.0	0	0.0	0	0.0	0	0.0	0	0.0	0	0	0	0	0	0	0	0	0	0	0	0	0	0	0	0	0	0	0	0	0	0	0	0	0	0	0	0	0	0	
hystrix	14	STATE	com.netflix.hystrix.metric.HystrixCollapserEventStream	2	4	5	1	1	5	6	10	4	22	2	2	0.44	0.5	0.45	0.08	30	0	4	1	1	1	0	0	1	0	0	21	1	1	1	0	0	2	0	0	0	0.0	0	0.0	0	0.0	0	0.0	0	0.0	0	0.0	0	0.0	0	0.0	0	0	0	0	0	0	0	0	0	0	0	0	0	0	0	0	0	0	0	0	0	0	0	0	0	0	0	0	0	0	
hystrix	15	STATE	com.netflix.hystrix.metric.HystrixCollapserEventStream	2	4	5	1	1	5	6	10	4	21	2	2	0.44	0.5	0.45	0.09	29	0	4	1	1	1	0	0	1	0	0	20	1	2	1	0	0	2	0	0	0	0.0	0	0.0	0	0.0	0	0.0	0	0.0	0	0.0	0	0.0	0	0.0	0	0	0	0	0	0	0	0	0	0	0	0	0	0	0	0	0	0	0	0	0	0	0	0	0	0	0	0	0	0	
hystrix	16	STATE	com.netflix.hystrix.metric.HystrixCollapserEventStream	2	4	5	1	1	5	6	10	4	21	2	2	0.44	0.5	0.45	0.09	29	0	4	1	1	1	0	0	1	0	0	20	1	1	1	0	0	2	0	0	0	0.0	0	0.0	0	0.0	0	0.0	0	0.0	0	0.0	0	0.0	0	0.0	0	0	0	0	0	0	0	0	0	0	0	0	0	0	0	0	0	0	0	0	0	0	0	0	0	0	0	0	0	0	
hystrix	17	STATE	com.netflix.hystrix.metric.HystrixCollapserEventStream	2	4	5	1	1	5	6	10	4	21	2	2	0.44	0.5	0.45	0.09	29	0	4	1	1	1	0	0	1	0	0	20	1	1	1	0	0	2	0	0	0	0.0	0	0.0	0	0.0	0	0.0	0	0.0	0	0.0	0	0.0	0	0.0	0	0	0	0	0	0	0	0	0	0	0	0	0	0	0	0	0	0	0	0	0	0	0	0	0	0	0	0	0	0	
hystrix	18	STATE	com.netflix.hystrix.metric.HystrixCollapserEventStream	2	4	5	1	1	5	6	10	4	21	2	2	0.44	0.5	0.45	0.09	29	0	4	1	1	1	0	0	1	0	0	20	1	1	1	0	0	2	0	0	0	0.0	0	0.0	0	0.0	0	0.0	0	0.0	0	0.0	0	0.0	0	0.0	0	0	0	0	0	0	0	0	0	0	0	0	0	0	0	0	0	0	0	0	0	0	0	0	0	0	0	0	0	0	
hystrix	19	STATE	com.netflix.hystrix.metric.HystrixCollapserEventStream	2	4	5	1	1	5	6	10	4	21	2	2	0.44	0.5	0.45	0.09	29	0	4	1	1	1	0	0	1	0	0	20	1	1	1	0	0	2	0	0	0	0.0	0	0.0	0	0.0	0	0.0	0	0.0	0	0.0	0	0.0	0	0.0	0	0	0	0	0	0	0	0	0	0	0	0	0	0	0	0	0	0	0	0	0	0	0	0	0	0	0	0	0	0	
hystrix	13	STATE	com.netflix.hystrix.metric.HystrixCollapserEvent	4	4	5	1	1	5	6	9	6	20	4	1	0.44	0.5	0.45	0.17	37	1	5	5	0	0	0	0	4	4	0	20	20	0	1	1	0	7	7	0	0	0.0	0	0.0	0	0.0	0	0.0	0	0.0	0	0.0	0	0.0	0	0.0	0	0	0	0	0	0	0	0	0	0	0	0	0	0	0	0	0	0	0	0	0	0	0	0	1	1	0	0	0	0	
hystrix	14	STATE	com.netflix.hystrix.metric.HystrixCollapserEvent	4	4	5	1	1	5	6	9	6	20	4	1	0.44	0.5	0.45	0.17	37	1	5	1	1	0	0	0	4	0	0	20	1	1	1	0	0	7	0	0	0	0.0	0	0.0	0	0.0	0	0.0	0	0.0	0	0.0	0	0.0	0	0.0	0	0	0	0	0	0	0	0	0	0	0	0	0	0	0	0	0	0	0	0	0	0	0	0	1	0	0	0	0	0	
hystrix	15	STATE	com.netflix.hystrix.metric.HystrixCollapserEvent	4	4	5	1	1	5	6	9	6	19	4	1	0.44	0.5	0.45	0.17	36	1	5	1	1	0	0	0	4	0	0	19	1	2	1	0	0	7	0	0	0	0.0	0	0.0	0	0.0	0	0.0	0	0.0	0	0.0	0	0.0	0	0.0	0	0	0	0	0	0	0	0	0	0	0	0	0	0	0	0	0	0	0	0	0	0	0	0	1	0	0	0	0	0	
hystrix	16	STATE	com.netflix.hystrix.metric.HystrixCollapserEvent	4	4	5	1	1	5	6	9	6	19	4	1	0.44	0.5	0.45	0.17	36	1	5	1	1	0	0	0	4	0	0	19	1	1	1	0	0	7	0	0	0	0.0	0	0.0	0	0.0	0	0.0	0	0.0	0	0.0	0	0.0	0	0.0	0	0	0	0	0	0	0	0	0	0	0	0	0	0	0	0	0	0	0	0	0	0	0	0	1	0	0	0	0	0	
hystrix	17	STATE	com.netflix.hystrix.metric.HystrixCollapserEvent	4	4	5	1	1	5	6	9	6	19	4	1	0.44	0.5	0.45	0.17	36	1	5	1	1	0	0	0	4	0	0	19	1	1	1	0	0	7	0	0	0	0.0	0	0.0	0	0.0	0	0.0	0	0.0	0	0.0	0	0.0	0	0.0	0	0	0	0	0	0	0	0	0	0	0	0	0	0	0	0	0	0	0	0	0	0	0	0	1	0	0	0	0	0	
hystrix	18	STATE	com.netflix.hystrix.metric.HystrixCollapserEvent	4	4	5	1	1	5	6	9	6	19	4	1	0.44	0.5	0.45	0.17	36	1	5	1	1	0	0	0	4	0	0	19	1	1	1	0	0	7	0	0	0	0.0	0	0.0	0	0.0	0	0.0	0	0.0	0	0.0	0	0.0	0	0.0	0	0	0	0	0	0	0	0	0	0	0	0	0	0	0	0	0	0	0	0	0	0	0	0	1	0	0	0	0	0	
hystrix	19	STATE	com.netflix.hystrix.metric.HystrixCollapserEvent	4	4	5	1	1	5	6	9	6	19	4	1	0.44	0.5	0.45	0.17	36	1	5	1	1	0	0	0	4	0	0	19	1	1	1	0	0	7	0	0	0	0.0	0	0.0	0	0.0	0	0.0	0	0.0	0	0.0	0	0.0	0	0.0	0	0	0	0	0	0	0	0	0	0	0	0	0	0	0	0	0	0	0	0	0	0	0	0	1	0	0	0	0	0	
hystrix	13	TEMPLATE_METHOD	com.netflix.hystrix.metric.consumer.BucketedCounterStream	1	1	4	0	2	1	6	11	3	0	1	0	0.2	0	0.14	1	2	0	0	0	0	1	1	0	0	0	0	0	0	0	1	1	0	0	0	0	0	0.0	0	0.0	0	0.0	0	0.0	0	0.0	0	0.0	0	0.0	0	0.0	0	0	0	0	0	0	0	0	0	0	0	0	0	0	0	0	0	0	0	0	0	0	0	0	0	0	0	0	0	0	
hystrix	14	TEMPLATE_METHOD	com.netflix.hystrix.metric.consumer.BucketedCounterStream	1	1	4	0	2	1	6	11	3	0	1	0	0.2	0	0.14	1	2	0	0	0	0	1	0	0	0	0	0	0	0	0	1	0	0	0	0	0	0	0.0	0	0.0	0	0.0	0	0.0	0	0.0	0	0.0	0	0.0	0	0.0	0	0	0	0	0	0	0	0	0	0	0	0	0	0	0	0	0	0	0	0	0	0	0	0	0	0	0	0	0	0	
hystrix	15	TEMPLATE_METHOD	com.netflix.hystrix.metric.consumer.BucketedCounterStream	1	1	4	0	2	1	6	11	3	0	1	0	0.2	0	0.14	1	2	0	0	0	0	1	0	0	0	0	0	0	0	0	1	0	0	0	0	0	0	0.0	0	0.0	0	0.0	0	0.0	0	0.0	0	0.0	0	0.0	0	0.0	0	0	0	0	0	0	0	0	0	0	0	0	0	0	0	0	0	0	0	0	0	0	0	0	0	0	0	0	0	0	
hystrix	16	TEMPLATE_METHOD	com.netflix.hystrix.metric.consumer.BucketedCounterStream	1	1	4	0	2	1	6	11	3	0	1	0	0.2	0	0.14	1	2	0	0	0	0	1	0	0	0	0	0	0	0	0	1	0	0	0	0	0	0	0.0	0	0.0	0	0.0	0	0.0	0	0.0	0	0.0	0	0.0	0	0.0	0	0	0	0	0	0	0	0	0	0	0	0	0	0	0	0	0	0	0	0	0	0	0	0	0	0	0	0	0	0	
hystrix	17	TEMPLATE_METHOD	com.netflix.hystrix.metric.consumer.BucketedCounterStream	1	1	4	0	2	1	6	11	3	0	1	0	0.2	0	0.14	1	2	0	0	0	0	1	0	0	0	0	0	0	0	0	1	0	0	0	0	0	0	0.0	0	0.0	0	0.0	0	0.0	0	0.0	0	0.0	0	0.0	0	0.0	0	0	0	0	0	0	0	0	0	0	0	0	0	0	0	0	0	0	0	0	0	0	0	0	0	0	0	0	0	0	
hystrix	18	TEMPLATE_METHOD	com.netflix.hystrix.metric.consumer.BucketedCounterStream	1	1	4	0	2	1	6	11	3	0	1	0	0.2	0	0.14	1	2	0	0	0	0	1	0	0	0	0	0	0	0	0	1	0	0	0	0	0	0	0.0	0	0.0	0	0.0	0	0.0	0	0.0	0	0.0	0	0.0	0	0.0	0	0	0	0	0	0	0	0	0	0	0	0	0	0	0	0	0	0	0	0	0	0	0	0	0	0	0	0	0	0	
hystrix	19	TEMPLATE_METHOD	com.netflix.hystrix.metric.consumer.BucketedCounterStream	1	1	4	0	2	1	6	11	3	0	1	0	0.2	0	0.14	1	2	0	0	0	0	1	0	0	0	0	0	0	0	0	1	0	0	0	0	0	0	0.0	0	0.0	0	0.0	0	0.0	0	0.0	0	0.0	0	0.0	0	0.0	0	0	0	0	0	0	0	0	0	0	0	0	0	0	0	0	0	0	0	0	0	0	0	0	0	0	0	0	0	0	
hystrix	13	SINGLETON	com.netflix.hystrix.ExecutionResult	1	2	4	0	1	2	5	39	3	4	7	1	0.33	0	0.29	0.64	18	0	1	1	0	6	6	0	1	1	0	2	2	0	7	7	0	1	1	0	0	0.0	0	0.0	0	0.0	0	0.0	0	0.0	0	0.0	0	0.0	0	0.0	0	0	0	0	0	0	0	0	0	0	0	0	0	0	0	0	0	0	0	0	0	0	0	0	0	0	0	0	0	0	
hystrix	14	SINGLETON	com.netflix.hystrix.ExecutionResult	1	2	4	0	1	2	5	39	3	4	7	1	0.33	0	0.29	0.64	18	0	1	1	1	6	0	0	1	0	0	2	1	1	7	0	0	1	0	0	0	0.0	0	0.0	0	0.0	0	0.0	0	0.0	0	0.0	0	0.0	0	0.0	0	0	0	0	0	0	0	0	0	0	0	0	0	0	0	0	0	0	0	0	0	0	0	0	0	0	0	0	0	0	
hystrix	15	SINGLETON	com.netflix.hystrix.ExecutionResult	1	2	4	0	1	2	5	43	3	4	7	1	0.33	0	0.29	0.64	19	0	1	1	1	6	0	0	1	0	0	3	2	1	7	0	0	1	0	0	0	0.0	0	0.0	0	0.0	0	0.0	0	0.0	0	0.0	0	0.0	0	0.0	0	0	0	0	0	0	0	0	0	0	0	0	0	0	0	0	0	0	0	0	0	0	0	0	0	0	0	0	0	0	
hystrix	16	SINGLETON	com.netflix.hystrix.ExecutionResult	1	2	4	0	1	2	5	43	3	4	7	1	0.33	0	0.29	0.64	19	0	1	0	0	6	0	0	1	0	0	3	1	1	7	0	0	1	0	0	0	0.0	0	0.0	0	0.0	0	0.0	0	0.0	0	0.0	0	0.0	0	0.0	0	0	0	0	0	0	0	0	0	0	0	0	0	0	0	0	0	0	0	0	0	0	0	0	0	0	0	0	0	0	
hystrix	17	SINGLETON	com.netflix.hystrix.ExecutionResult	1	2	4	0	1	2	5	43	3	4	7	1	0.33	0	0.29	0.64	19	0	1	1	1	6	0	0	1	0	0	3	1	1	7	0	0	1	0	0	0	0.0	0	0.0	0	0.0	0	0.0	0	0.0	0	0.0	0	0.0	0	0.0	0	0	0	0	0	0	0	0	0	0	0	0	0	0	0	0	0	0	0	0	0	0	0	0	0	0	0	0	0	0	
hystrix	18	SINGLETON	com.netflix.hystrix.ExecutionResult	1	2	4	0	1	2	5	43	3	4	7	1	0.33	0	0.29	0.64	19	0	1	0	0	6	0	0	1	0	0	3	1	1	7	0	0	1	0	0	0	0.0	0	0.0	0	0.0	0	0.0	0	0.0	0	0.0	0	0.0	0	0.0	0	0	0	0	0	0	0	0	0	0	0	0	0	0	0	0	0	0	0	0	0	0	0	0	0	0	0	0	0	0	
hystrix	19	SINGLETON	com.netflix.hystrix.ExecutionResult	1	2	4	0	1	2	5	43	3	4	7	1	0.33	0	0.29	0.64	19	0	1	0	0	6	0	0	1	0	0	3	0	0	7	0	0	1	0	0	0	0.0	0	0.0	0	0.0	0	0.0	0	0.0	0	0.0	0	0.0	0	0.0	0	0	0	0	0	0	0	0	0	0	0	0	0	0	0	0	0	0	0	0	0	0	0	0	0	0	0	0	0	0	
hystrix	13	SINGLETON	com.netflix.hystrix.metric.HystrixRequestEventsStream	1	2	4	1	0	3	4	7	5	0	1	1	0.33	1	0.43	1	4	0	0	0	0	1	1	0	1	1	0	0	0	0	1	1	0	1	1	0	0	0.0	0	0.0	0	0.0	0	0.0	0	0.0	0	0.0	0	0.0	0	0.0	0	0	0	0	0	0	0	0	0	0	0	0	0	0	0	0	0	0	0	0	0	0	0	0	0	0	0	0	0	0	
hystrix	14	SINGLETON	com.netflix.hystrix.metric.HystrixRequestEventsStream	1	2	4	1	0	3	4	7	5	0	1	1	0.33	1	0.43	1	4	0	0	0	0	1	0	0	1	0	0	0	0	0	1	0	0	1	0	0	0	0.0	0	0.0	0	0.0	0	0.0	0	0.0	0	0.0	0	0.0	0	0.0	0	0	0	0	0	0	0	0	0	0	0	0	0	0	0	0	0	0	0	0	0	0	0	0	0	0	0	0	0	0	
hystrix	15	SINGLETON	com.netflix.hystrix.metric.HystrixRequestEventsStream	1	2	4	1	0	3	4	7	5	0	1	1	0.33	1	0.43	1	4	0	0	0	0	1	0	0	1	0	0	0	0	0	1	0	0	1	0	0	0	0.0	0	0.0	0	0.0	0	0.0	0	0.0	0	0.0	0	0.0	0	0.0	0	0	0	0	0	0	0	0	0	0	0	0	0	0	0	0	0	0	0	0	0	0	0	0	0	0	0	0	0	0	
hystrix	16	SINGLETON	com.netflix.hystrix.metric.HystrixRequestEventsStream	1	2	4	1	0	3	4	7	5	0	1	1	0.33	1	0.43	1	4	0	0	0	0	1	0	0	1	0	0	0	0	0	1	0	0	1	0	0	0	0.0	0	0.0	0	0.0	0	0.0	0	0.0	0	0.0	0	0.0	0	0.0	0	0	0	0	0	0	0	0	0	0	0	0	0	0	0	0	0	0	0	0	0	0	0	0	0	0	0	0	0	0	
hystrix	17	SINGLETON	com.netflix.hystrix.metric.HystrixRequestEventsStream	1	2	4	1	0	3	4	7	5	0	1	1	0.33	1	0.43	1	4	0	0	0	0	1	0	0	1	0	0	0	0	0	1	0	0	1	0	0	0	0.0	0	0.0	0	0.0	0	0.0	0	0.0	0	0.0	0	0.0	0	0.0	0	0	0	0	0	0	0	0	0	0	0	0	0	0	0	0	0	0	0	0	0	0	0	0	0	0	0	0	0	0	
hystrix	18	SINGLETON	com.netflix.hystrix.metric.HystrixRequestEventsStream	1	2	4	1	0	3	4	7	5	0	1	1	0.33	1	0.43	1	4	0	0	0	0	1	0	0	1	0	0	0	0	0	1	0	0	1	0	0	0	0.0	0	0.0	0	0.0	0	0.0	0	0.0	0	0.0	0	0.0	0	0.0	0	0	0	0	0	0	0	0	0	0	0	0	0	0	0	0	0	0	0	0	0	0	0	0	0	0	0	0	0	0	
hystrix	19	SINGLETON	com.netflix.hystrix.metric.HystrixRequestEventsStream	1	2	4	1	0	3	4	7	5	0	1	1	0.33	1	0.43	1	4	0	0	0	0	1	0	0	1	0	0	0	0	0	1	0	0	1	0	0	0	0.0	0	0.0	0	0.0	0	0.0	0	0.0	0	0.0	0	0.0	0	0.0	0	0	0	0	0	0	0	0	0	0	0	0	0	0	0	0	0	0	0	0	0	0	0	0	0	0	0	0	0	0	
hystrix	13	SINGLETON	com.netflix.hystrix.util.PlatformSpecific	1	1	5	0	1	1	6	5	4	0	4	1	0.17	0	0.14	1	6	0	0	0	0	1	1	0	1	1	0	0	0	0	4	4	0	0	0	0	0	0.0	0	0.0	0	0.0	0	0.0	0	0.0	0	0.0	0	0.0	0	0.0	0	0	0	0	0	0	0	0	0	0	0	0	0	0	0	0	0	0	0	0	0	0	0	0	0	0	0	0	0	0	
hystrix	14	SINGLETON	com.netflix.hystrix.util.PlatformSpecific	1	1	5	0	1	1	6	5	4	0	4	1	0.17	0	0.14	1	6	0	0	0	0	1	0	0	1	0	0	0	0	0	4	0	0	0	0	0	0	0.0	0	0.0	0	0.0	0	0.0	0	0.0	0	0.0	0	0.0	0	0.0	0	0	0	0	0	0	0	0	0	0	0	0	0	0	0	0	0	0	0	0	0	0	0	0	0	0	0	0	0	0	
hystrix	15	SINGLETON	com.netflix.hystrix.util.PlatformSpecific	1	1	5	0	1	1	6	5	4	0	4	1	0.17	0	0.14	1	6	0	0	0	0	1	0	0	1	0	0	0	0	0	4	0	0	0	0	0	0	0.0	0	0.0	0	0.0	0	0.0	0	0.0	0	0.0	0	0.0	0	0.0	0	0	0	0	0	0	0	0	0	0	0	0	0	0	0	0	0	0	0	0	0	0	0	0	0	0	0	0	0	0	
hystrix	16	SINGLETON	com.netflix.hystrix.util.PlatformSpecific	1	1	5	0	1	1	6	6	4	0	4	1	0.17	0	0.14	1	5	0	0	0	0	0	0	1	1	0	0	0	0	0	4	0	0	0	0	0	0	0.0	0	0.0	0	0.0	0	0.0	0	0.0	0	0.0	0	0.0	0	0.0	0	0	0	0	0	0	0	0	0	0	0	0	0	0	0	0	0	0	0	0	0	0	0	0	0	0	0	0	0	0	
hystrix	17	SINGLETON	com.netflix.hystrix.util.PlatformSpecific	1	1	5	0	1	1	6	6	4	0	4	1	0.17	0	0.14	1	5	0	0	0	0	0	0	0	1	0	0	0	0	0	4	0	0	0	0	0	0	0.0	0	0.0	0	0.0	0	0.0	0	0.0	0	0.0	0	0.0	0	0.0	0	0	0	0	0	0	0	0	0	0	0	0	0	0	0	0	0	0	0	0	0	0	0	0	0	0	0	0	0	0	
hystrix	18	SINGLETON	com.netflix.hystrix.util.PlatformSpecific	1	1	5	0	1	1	6	6	4	0	4	1	0.17	0	0.14	1	5	0	0	0	0	0	0	0	1	0	0	0	0	0	4	0	0	0	0	0	0	0.0	0	0.0	0	0.0	0	0.0	0	0.0	0	0.0	0	0.0	0	0.0	0	0	0	0	0	0	0	0	0	0	0	0	0	0	0	0	0	0	0	0	0	0	0	0	0	0	0	0	0	0	
hystrix	19	SINGLETON	com.netflix.hystrix.util.PlatformSpecific	1	1	5	0	1	1	6	6	4	0	4	1	0.17	0	0.14	1	5	0	0	0	0	0	0	0	1	0	0	0	0	0	4	0	0	0	0	0	0	0.0	0	0.0	0	0.0	0	0.0	0	0.0	0	0.0	0	0.0	0	0.0	0	0	0	0	0	0	0	0	0	0	0	0	0	0	0	0	0	0	0	0	0	0	0	0	0	0	0	0	0	0	
hystrix	13	FACTORY_METHOD	com.netflix.hystrix.strategy.properties.HystrixDynamicProperties	3	11	6	0	2	11	8	4	7	3	5	0	0.65	0	0.58	0.62	3	0	0	0	0	0	0	0	0	0	0	2	2	0	0	0	0	1	1	0	0	0.0	0	0.0	0	0.0	0	0.0	0	0.0	0	0.0	0	0.0	0	0.0	0	0	0	0	0	0	0	0	0	0	0	0	0	0	0	0	0	0	0	0	0	0	0	0	0	0	0	0	0	0	
hystrix	14	FACTORY_METHOD	com.netflix.hystrix.strategy.properties.HystrixDynamicProperties	3	11	6	0	2	11	8	4	7	3	5	0	0.65	0	0.58	0.62	3	0	0	0	0	0	0	0	0	0	0	2	1	1	0	0	0	1	0	0	0	0.0	0	0.0	0	0.0	0	0.0	0	0.0	0	0.0	0	0.0	0	0.0	0	0	0	0	0	0	0	0	0	0	0	0	0	0	0	0	0	0	0	0	0	0	0	0	0	0	0	0	0	0	
hystrix	15	FACTORY_METHOD	com.netflix.hystrix.strategy.properties.HystrixDynamicProperties	3	11	6	0	2	11	8	4	7	3	5	0	0.65	0	0.58	0.62	3	0	0	0	0	0	0	0	0	0	0	2	0	0	0	0	0	1	0	0	0	0.0	0	0.0	0	0.0	0	0.0	0	0.0	0	0.0	0	0.0	0	0.0	0	0	0	0	0	0	0	0	0	0	0	0	0	0	0	0	0	0	0	0	0	0	0	0	0	0	0	0	0	0	
hystrix	16	FACTORY_METHOD	com.netflix.hystrix.strategy.properties.HystrixDynamicProperties	3	11	6	0	2	11	8	4	7	3	5	0	0.65	0	0.58	0.62	3	0	0	0	0	0	0	0	0	0	0	2	1	1	0	0	0	1	0	0	0	0.0	0	0.0	0	0.0	0	0.0	0	0.0	0	0.0	0	0.0	0	0.0	0	0	0	0	0	0	0	0	0	0	0	0	0	0	0	0	0	0	0	0	0	0	0	0	0	0	0	0	0	0	
hystrix	17	FACTORY_METHOD	com.netflix.hystrix.strategy.properties.HystrixDynamicProperties	3	11	6	0	2	11	8	4	7	3	5	0	0.65	0	0.58	0.62	3	0	0	0	0	0	0	0	0	0	0	2	0	0	0	0	0	1	0	0	0	0.0	0	0.0	0	0.0	0	0.0	0	0.0	0	0.0	0	0.0	0	0.0	0	0	0	0	0	0	0	0	0	0	0	0	0	0	0	0	0	0	0	0	0	0	0	0	0	0	0	0	0	0	
hystrix	18	FACTORY_METHOD	com.netflix.hystrix.strategy.properties.HystrixDynamicProperties	3	11	6	0	2	11	8	4	7	3	5	0	0.65	0	0.58	0.62	3	0	0	0	0	0	0	0	0	0	0	2	0	0	0	0	0	1	0	0	0	0.0	0	0.0	0	0.0	0	0.0	0	0.0	0	0.0	0	0.0	0	0.0	0	0	0	0	0	0	0	0	0	0	0	0	0	0	0	0	0	0	0	0	0	0	0	0	0	0	0	0	0	0	
hystrix	19	FACTORY_METHOD	com.netflix.hystrix.strategy.properties.HystrixDynamicProperties	3	11	6	0	2	11	8	4	7	3	5	0	0.65	0	0.58	0.62	3	0	0	0	0	0	0	0	0	0	0	2	0	0	0	0	0	1	0	0	0	0.0	0	0.0	0	0.0	0	0.0	0	0.0	0	0.0	0	0.0	0	0.0	0	0	0	0	0	0	0	0	0	0	0	0	0	0	0	0	0	0	0	0	0	0	0	0	0	0	0	0	0	0	
hystrix	15	SINGLETON	com.netflix.hystrix.config.HystrixConfigurationStream	1	2	4	1	0	3	4	23	5	0	13	1	0.33	1	0.43	1	20	0	0	0	0	5	5	0	1	1	0	0	0	0	13	13	0	1	1	0	0	0.0	0	0.0	0	0.0	0	0.0	0	0.0	0	0.0	0	0.0	0	0.0	0	0	0	0	0	0	0	0	0	0	0	0	0	0	0	0	0	0	0	0	0	0	0	0	0	0	0	0	0	0	
hystrix	16	SINGLETON	com.netflix.hystrix.config.HystrixConfigurationStream	1	2	4	1	0	3	4	23	5	0	13	1	0.33	1	0.43	1	20	0	0	0	0	5	0	0	1	0	0	0	0	0	13	0	0	1	0	0	0	0.0	0	0.0	0	0.0	0	0.0	0	0.0	0	0.0	0	0.0	0	0.0	0	0	0	0	0	0	0	0	0	0	0	0	0	0	0	0	0	0	0	0	0	0	0	0	0	0	0	0	0	0	
hystrix	17	SINGLETON	com.netflix.hystrix.config.HystrixConfigurationStream	1	2	4	1	0	3	4	23	5	0	13	1	0.33	1	0.43	1	20	0	0	0	0	5	0	0	1	0	0	0	0	0	13	0	0	1	0	0	0	0.0	0	0.0	0	0.0	0	0.0	0	0.0	0	0.0	0	0.0	0	0.0	0	0	0	0	0	0	0	0	0	0	0	0	0	0	0	0	0	0	0	0	0	0	0	0	0	0	0	0	0	0	
hystrix	18	SINGLETON	com.netflix.hystrix.config.HystrixConfigurationStream	1	2	4	1	0	3	4	23	5	0	13	1	0.33	1	0.43	1	20	0	0	0	0	5	0	0	1	0	0	0	0	0	13	0	0	1	0	0	0	0.0	0	0.0	0	0.0	0	0.0	0	0.0	0	0.0	0	0.0	0	0.0	0	0	0	0	0	0	0	0	0	0	0	0	0	0	0	0	0	0	0	0	0	0	0	0	0	0	0	0	0	0	
hystrix	19	SINGLETON	com.netflix.hystrix.config.HystrixConfigurationStream	1	2	4	1	0	3	4	23	5	0	13	1	0.33	1	0.43	1	20	0	0	0	0	5	0	0	1	0	0	0	0	0	13	0	0	1	0	0	0	0.0	0	0.0	0	0.0	0	0.0	0	0.0	0	0.0	0	0.0	0	0.0	0	0	0	0	0	0	0	0	0	0	0	0	0	0	0	0	0	0	0	0	0	0	0	0	0	0	0	0	0	0	
hystrix	15	SINGLETON	com.netflix.hystrix.metric.consumer.HystrixDashboardStream	1	2	4	1	0	3	4	9	5	0	3	1	0.33	1	0.43	1	6	0	0	0	0	1	1	0	1	1	0	0	0	0	3	3	0	1	1	0	0	0.0	0	0.0	0	0.0	0	0.0	0	0.0	0	0.0	0	0.0	0	0.0	0	0	0	0	0	0	0	0	0	0	0	0	0	0	0	0	0	0	0	0	0	0	0	0	0	0	0	0	0	0	
hystrix	16	SINGLETON	com.netflix.hystrix.metric.consumer.HystrixDashboardStream	1	2	4	1	0	3	4	9	5	0	3	1	0.33	1	0.43	1	6	0	0	0	0	1	0	0	1	0	0	0	0	0	3	0	0	1	0	0	0	0.0	0	0.0	0	0.0	0	0.0	0	0.0	0	0.0	0	0.0	0	0.0	0	0	0	0	0	0	0	0	0	0	0	0	0	0	0	0	0	0	0	0	0	0	0	0	0	0	0	0	0	0	
hystrix	17	SINGLETON	com.netflix.hystrix.metric.consumer.HystrixDashboardStream	1	2	4	1	0	3	4	9	5	0	3	1	0.33	1	0.43	1	6	0	0	0	0	1	0	0	1	0	0	0	0	0	3	0	0	1	0	0	0	0.0	0	0.0	0	0.0	0	0.0	0	0.0	0	0.0	0	0.0	0	0.0	0	0	0	0	0	0	0	0	0	0	0	0	0	0	0	0	0	0	0	0	0	0	0	0	0	0	0	0	0	0	
hystrix	18	SINGLETON	com.netflix.hystrix.metric.consumer.HystrixDashboardStream	1	2	4	1	0	3	4	9	5	0	3	1	0.33	1	0.43	1	6	0	0	0	0	1	0	0	1	0	0	0	0	0	3	0	0	1	0	0	0	0.0	0	0.0	0	0.0	0	0.0	0	0.0	0	0.0	0	0.0	0	0.0	0	0	0	0	0	0	0	0	0	0	0	0	0	0	0	0	0	0	0	0	0	0	0	0	0	0	0	0	0	0	
hystrix	19	SINGLETON	com.netflix.hystrix.metric.consumer.HystrixDashboardStream	1	2	4	1	0	3	4	9	5	0	3	1	0.33	1	0.43	1	6	0	0	0	0	1	0	0	1	0	0	0	0	0	3	0	0	1	0	0	0	0.0	0	0.0	0	0.0	0	0.0	0	0.0	0	0.0	0	0.0	0	0.0	0	0	0	0	0	0	0	0	0	0	0	0	0	0	0	0	0	0	0	0	0	0	0	0	0	0	0	0	0	0	
hystrix	15	SINGLETON	com.netflix.hystrix.metric.sample.HystrixUtilizationStream	1	2	4	1	0	3	4	19	5	0	7	1	0.33	1	0.43	1	13	0	0	0	0	4	4	0	1	1	0	0	0	0	7	7	0	1	1	0	0	0.0	0	0.0	0	0.0	0	0.0	0	0.0	0	0.0	0	0.0	0	0.0	0	0	0	0	0	0	0	0	0	0	0	0	0	0	0	0	0	0	0	0	0	0	0	0	0	0	0	0	0	0	
hystrix	16	SINGLETON	com.netflix.hystrix.metric.sample.HystrixUtilizationStream	1	2	4	1	0	3	4	19	5	0	7	1	0.33	1	0.43	1	13	0	0	0	0	4	0	0	1	0	0	0	0	0	7	0	0	1	0	0	0	0.0	0	0.0	0	0.0	0	0.0	0	0.0	0	0.0	0	0.0	0	0.0	0	0	0	0	0	0	0	0	0	0	0	0	0	0	0	0	0	0	0	0	0	0	0	0	0	0	0	0	0	0	
hystrix	17	SINGLETON	com.netflix.hystrix.metric.sample.HystrixUtilizationStream	1	2	4	1	0	3	4	19	5	0	7	1	0.33	1	0.43	1	13	0	0	0	0	4	0	0	1	0	0	0	0	0	7	0	0	1	0	0	0	0.0	0	0.0	0	0.0	0	0.0	0	0.0	0	0.0	0	0.0	0	0.0	0	0	0	0	0	0	0	0	0	0	0	0	0	0	0	0	0	0	0	0	0	0	0	0	0	0	0	0	0	0	
hystrix	18	SINGLETON	com.netflix.hystrix.metric.sample.HystrixUtilizationStream	1	2	4	1	0	3	4	19	5	0	7	1	0.33	1	0.43	1	13	0	0	0	0	4	0	0	1	0	0	0	0	0	7	0	0	1	0	0	0	0.0	0	0.0	0	0.0	0	0.0	0	0.0	0	0.0	0	0.0	0	0.0	0	0	0	0	0	0	0	0	0	0	0	0	0	0	0	0	0	0	0	0	0	0	0	0	0	0	0	0	0	0	
hystrix	19	SINGLETON	com.netflix.hystrix.metric.sample.HystrixUtilizationStream	1	2	4	1	0	3	4	19	5	0	7	1	0.33	1	0.43	1	13	0	0	0	0	4	0	0	1	0	0	0	0	0	7	0	0	1	0	0	0	0.0	0	0.0	0	0.0	0	0.0	0	0.0	0	0.0	0	0.0	0	0.0	0	0	0	0	0	0	0	0	0	0	0	0	0	0	0	0	0	0	0	0	0	0	0	0	0	0	0	0	0	0	
